{
  "model1_name": "Qwen_QwQ-32B",
  "model2_name": "openai_gpt-oss-20b",
  "task_scores": {
    "cause_and_effect": 0.6243217349052429,
    "larger_animal": 0.6015248388051987,
    "num_to_verbal": 0.7060036659240723,
    "orthography_starts_with": 0.71807981133461,
    "rhymes": 0.6287825345993042,
    "synonyms": 0.5939175963401795,
    "taxonomy_animal": 0.563165283203125,
    "translation_en-fr": 0.6614364445209503,
    "reverse_from_middle": 0.605376136302948,
    "smallest_item_length": 0.5573551058769226,
    "smallest_even_no_sqrt": 0.5783085882663727,
    "most_vowel_return_consonant": 0.5901705861091614,
    "detect_rhyme_and_rewrite": 0.6911276459693909,
    "rank_by_protein": 0.6399172306060791,
    "multi_lang_to_english": 0.6174480676651001,
    "square_of_zodiac_animal": 0.6510468006134034,
    "alternate_synonym_antonym": 0.6330544590950012,
    "most_consonant_return_vowel": 0.629691743850708,
    "least_unique_word_count": 0.614836585521698,
    "first_word_alphabetically_return_reverse": 0.6711124777793884
  },
  "average_bert_score": 0.6288338668644429
}