{
  "model1_name": "BytedTsinghua-SIA_DAPO-Qwen-32B",
  "model2_name": "openai_gpt-oss-20b",
  "task_scores": {
    "cause_and_effect": 0.654690933227539,
    "larger_animal": 0.5756010770797729,
    "num_to_verbal": 0.5376081347465516,
    "orthography_starts_with": 0.6923690795898437,
    "rhymes": 0.6028017997741699,
    "synonyms": 0.586872911453247,
    "taxonomy_animal": 0.5845818161964417,
    "translation_en-fr": 0.6202588379383087,
    "reverse_from_middle": 0.6468689203262329,
    "smallest_item_length": 0.6343186497688293,
    "smallest_even_no_sqrt": 0.6120796918869018,
    "most_vowel_return_consonant": 0.6313308596611023,
    "detect_rhyme_and_rewrite": 0.6824814260005951,
    "rank_by_protein": 0.6112428665161133,
    "multi_lang_to_english": 0.6749217987060547,
    "square_of_zodiac_animal": 0.6705396413803101,
    "alternate_synonym_antonym": 0.6622226238250732,
    "most_consonant_return_vowel": 0.6277120590209961,
    "least_unique_word_count": 0.6324932456016541,
    "first_word_alphabetically_return_reverse": 0.650952136516571
  },
  "average_bert_score": 0.6295974254608154
}