{
  "model1_name": "nvidia_Nemotron-Research-Reasoning-Qwen-1.5B",
  "model2_name": "Qwen_QwQ-32B",
  "task_scores": {
    "cause_and_effect": 0.5025487124919892,
    "larger_animal": 0.5280236721038818,
    "num_to_verbal": 0.6226845383644104,
    "orthography_starts_with": 0.5057217955589295,
    "rhymes": 0.5964216232299805,
    "synonyms": 0.5230906128883361,
    "taxonomy_animal": 0.547110402584076,
    "translation_en-fr": 0.5611795425415039,
    "reverse_from_middle": 0.5478128135204315,
    "smallest_item_length": 0.5492577612400055,
    "smallest_even_no_sqrt": 0.5468164086341858,
    "most_vowel_return_consonant": 0.5575988292694092,
    "detect_rhyme_and_rewrite": 0.5575656056404114,
    "rank_by_protein": 0.5738659501075745,
    "multi_lang_to_english": 0.47247072458267214,
    "square_of_zodiac_animal": 0.6046340823173523,
    "alternate_synonym_antonym": 0.49344429969787595,
    "most_consonant_return_vowel": 0.5883124351501465,
    "least_unique_word_count": 0.6097620487213135,
    "first_word_alphabetically_return_reverse": 0.5817894101142883
  },
  "average_bert_score": 0.5535055634379387
}