{
  "model1_name": "Qwen_QwQ-32B",
  "model2_name": "open-thoughts_OpenThinker-7B",
  "task_scores": {
    "cause_and_effect": 0.6396854877471924,
    "larger_animal": 0.5502020716667175,
    "num_to_verbal": 0.6044254243373871,
    "orthography_starts_with": 0.6236796081066132,
    "rhymes": 0.5889081060886383,
    "synonyms": 0.5460741877555847,
    "taxonomy_animal": 0.6296623945236206,
    "translation_en-fr": 0.5916437387466431,
    "reverse_from_middle": 0.55482497215271,
    "smallest_item_length": 0.5268251240253449,
    "smallest_even_no_sqrt": 0.5726616859436036,
    "most_vowel_return_consonant": 0.5789822161197662,
    "detect_rhyme_and_rewrite": 0.6802522301673889,
    "rank_by_protein": 0.5959112107753753,
    "multi_lang_to_english": 0.5920573592185974,
    "square_of_zodiac_animal": 0.6200657606124877,
    "alternate_synonym_antonym": 0.5492874801158905,
    "most_consonant_return_vowel": 0.5769080996513367,
    "least_unique_word_count": 0.6494091987609864,
    "first_word_alphabetically_return_reverse": 0.6010944008827209
  },
  "average_bert_score": 0.5936280378699303
}