{
  "model1_name": "nvidia_Nemotron-Research-Reasoning-Qwen-1.5B",
  "model2_name": "open-thoughts_OpenThinker-7B",
  "task_scores": {
    "cause_and_effect": 0.5182568311691285,
    "larger_animal": 0.5470609307289124,
    "num_to_verbal": 0.6682362079620361,
    "orthography_starts_with": 0.4832927346229553,
    "rhymes": 0.560936176776886,
    "synonyms": 0.5098923325538636,
    "taxonomy_animal": 0.5449039816856385,
    "translation_en-fr": 0.5486002385616302,
    "reverse_from_middle": 0.5399893343448638,
    "smallest_item_length": 0.6040590763092041,
    "smallest_even_no_sqrt": 0.5677252650260926,
    "most_vowel_return_consonant": 0.5530396938323975,
    "detect_rhyme_and_rewrite": 0.573522424697876,
    "rank_by_protein": 0.5744466722011566,
    "multi_lang_to_english": 0.46415942907333374,
    "square_of_zodiac_animal": 0.6288480043411255,
    "alternate_synonym_antonym": 0.5399677872657775,
    "most_consonant_return_vowel": 0.5942609548568726,
    "least_unique_word_count": 0.5709019660949707,
    "first_word_alphabetically_return_reverse": 0.5664262413978577
  },
  "average_bert_score": 0.557926314175129
}