{
  "model1_name": "nvidia_Nemotron-Research-Reasoning-Qwen-1.5B",
  "model2_name": "openai_gpt-oss-20b",
  "task_scores": {
    "cause_and_effect": 0.5291640818119049,
    "larger_animal": 0.517903470993042,
    "num_to_verbal": 0.5855151116847992,
    "orthography_starts_with": 0.5249443531036377,
    "rhymes": 0.5569475889205933,
    "synonyms": 0.49769130945205686,
    "taxonomy_animal": 0.5276753544807434,
    "translation_en-fr": 0.5472041368484497,
    "reverse_from_middle": 0.5244596779346467,
    "smallest_item_length": 0.5695721864700317,
    "smallest_even_no_sqrt": 0.5530438303947449,
    "most_vowel_return_consonant": 0.5515052974224091,
    "detect_rhyme_and_rewrite": 0.5382392227649688,
    "rank_by_protein": 0.5372745037078858,
    "multi_lang_to_english": 0.5164536833763123,
    "square_of_zodiac_animal": 0.6175071716308593,
    "alternate_synonym_antonym": 0.5286844968795776,
    "most_consonant_return_vowel": 0.5728155374526978,
    "least_unique_word_count": 0.5648501873016357,
    "first_word_alphabetically_return_reverse": 0.5620828032493591
  },
  "average_bert_score": 0.5461767002940178
}