{
  "model1_name": "BytedTsinghua-SIA_DAPO-Qwen-32B",
  "model2_name": "open-thoughts_OpenThinker-7B",
  "task_scores": {
    "cause_and_effect": 0.6228882074356079,
    "larger_animal": 0.5414265275001526,
    "num_to_verbal": 0.5459346890449523,
    "orthography_starts_with": 0.5554570198059082,
    "rhymes": 0.5538571536540985,
    "synonyms": 0.5764912247657776,
    "taxonomy_animal": 0.5450963497161865,
    "translation_en-fr": 0.5880574107170105,
    "reverse_from_middle": 0.5965318083763123,
    "smallest_item_length": 0.6116793632507325,
    "smallest_even_no_sqrt": 0.5930367231369018,
    "most_vowel_return_consonant": 0.6120651364326477,
    "detect_rhyme_and_rewrite": 0.6072951555252075,
    "rank_by_protein": 0.591172170639038,
    "multi_lang_to_english": 0.5812515258789063,
    "square_of_zodiac_animal": 0.6389518976211548,
    "alternate_synonym_antonym": 0.6634201169013977,
    "most_consonant_return_vowel": 0.5904678106307983,
    "least_unique_word_count": 0.6294135808944702,
    "first_word_alphabetically_return_reverse": 0.5872653007507325
  },
  "average_bert_score": 0.5915879586338997
}