{
  "model1_name": "BytedTsinghua-SIA_DAPO-Qwen-32B",
  "model2_name": "Qwen_QwQ-32B",
  "task_scores": {
    "cause_and_effect": 0.6926861047744751,
    "larger_animal": 0.6106374979019165,
    "num_to_verbal": 0.5798136472702027,
    "orthography_starts_with": 0.6403691053390503,
    "rhymes": 0.6343608617782592,
    "synonyms": 0.6300793588161469,
    "taxonomy_animal": 0.568395870923996,
    "translation_en-fr": 0.6176078796386719,
    "reverse_from_middle": 0.5699144303798676,
    "smallest_item_length": 0.5838396310806274,
    "smallest_even_no_sqrt": 0.6293548345565796,
    "most_vowel_return_consonant": 0.6830518007278442,
    "detect_rhyme_and_rewrite": 0.6518205285072327,
    "rank_by_protein": 0.6614854216575623,
    "multi_lang_to_english": 0.5736015141010284,
    "square_of_zodiac_animal": 0.6739672780036926,
    "alternate_synonym_antonym": 0.6013301312923431,
    "most_consonant_return_vowel": 0.5844048500061035,
    "least_unique_word_count": 0.6110652565956116,
    "first_word_alphabetically_return_reverse": 0.6178961753845215
  },
  "average_bert_score": 0.6207841089367867
}