{
  "model1_name": "nvidia_Nemotron-Research-Reasoning-Qwen-1.5B",
  "model2_name": "open-thoughts_OpenThinker-7B",
  "task_scores": {
    "cause_and_effect": 0.6096159398555756,
    "larger_animal": 0.6847981095314026,
    "num_to_verbal": 0.7320108652114868,
    "orthography_starts_with": 0.6237763822078705,
    "rhymes": 0.6142057538032532,
    "synonyms": 0.5810829639434815,
    "taxonomy_animal": 0.45535711050033567,
    "translation_en-fr": 0.612250280380249,
    "reverse_from_middle": 0.579445767402649,
    "smallest_item_length": 0.6656129360198975,
    "smallest_even_no_sqrt": 0.5776378154754639,
    "most_vowel_return_consonant": 0.667047131061554,
    "detect_rhyme_and_rewrite": 0.6491383254528046,
    "rank_by_protein": 0.7256424188613891,
    "multi_lang_to_english": 0.7034553468227387,
    "square_of_zodiac_animal": 0.6007288515567779,
    "alternate_synonym_antonym": 0.6253901243209838,
    "most_consonant_return_vowel": 0.6190978765487671,
    "least_unique_word_count": 0.6335326313972474,
    "first_word_alphabetically_return_reverse": 0.6273056030273437
  },
  "average_bert_score": 0.6293566116690636
}