{
  "model1_name": "nvidia_Nemotron-Research-Reasoning-Qwen-1.5B",
  "model2_name": "openai_gpt-oss-20b",
  "task_scores": {
    "cause_and_effect": 0.4430078983306885,
    "larger_animal": 0.42169193029403684,
    "num_to_verbal": 0.3110391110181808,
    "orthography_starts_with": 0.38076898753643035,
    "rhymes": 0.4485532820224762,
    "synonyms": 0.3716449439525604,
    "taxonomy_animal": 0.2677895724773407,
    "translation_en-fr": 0.399481001496315,
    "reverse_from_middle": 0.38198947310447695,
    "smallest_item_length": 0.3146319091320038,
    "smallest_even_no_sqrt": 0.3805065482854843,
    "most_vowel_return_consonant": 0.3656605064868927,
    "detect_rhyme_and_rewrite": 0.5106607973575592,
    "rank_by_protein": 0.3994156002998352,
    "multi_lang_to_english": 0.35260150134563445,
    "square_of_zodiac_animal": 0.4264209926128387,
    "alternate_synonym_antonym": 0.33164366483688357,
    "most_consonant_return_vowel": 0.3850121408700943,
    "least_unique_word_count": 0.4265403151512146,
    "first_word_alphabetically_return_reverse": 0.3688471108675003
  },
  "average_bert_score": 0.38439536437392235
}