{
  "model1_name": "BytedTsinghua-SIA_DAPO-Qwen-32B",
  "model2_name": "open-thoughts_OpenThinker-7B",
  "task_scores": {
    "cause_and_effect": 0.6599387645721435,
    "larger_animal": 0.6983213663101197,
    "num_to_verbal": 0.5423582792282104,
    "orthography_starts_with": 0.6231333553791046,
    "rhymes": 0.5737891077995301,
    "synonyms": 0.5674814522266388,
    "taxonomy_animal": 0.5696110844612121,
    "translation_en-fr": 0.5701716542243958,
    "reverse_from_middle": 0.5909564733505249,
    "smallest_item_length": 0.6158654808998107,
    "smallest_even_no_sqrt": 0.6111921429634094,
    "most_vowel_return_consonant": 0.6611917972564697,
    "detect_rhyme_and_rewrite": 0.7051953315734864,
    "rank_by_protein": 0.6158326148986817,
    "multi_lang_to_english": 0.7164051175117493,
    "square_of_zodiac_animal": 0.65108323097229,
    "alternate_synonym_antonym": 0.6425780534744263,
    "most_consonant_return_vowel": 0.6513681650161743,
    "least_unique_word_count": 0.6627498388290405,
    "first_word_alphabetically_return_reverse": 0.5946083426475525
  },
  "average_bert_score": 0.6261915826797486
}