{
  "model1_name": "BytedTsinghua-SIA_DAPO-Qwen-32B",
  "model2_name": "openai_gpt-oss-20b",
  "task_scores": {
    "cause_and_effect": 0.3929307460784912,
    "larger_animal": 0.3997073918581009,
    "num_to_verbal": 0.3132681369781494,
    "orthography_starts_with": 0.3800172686576843,
    "rhymes": 0.37360628247261046,
    "synonyms": 0.3534422069787979,
    "taxonomy_animal": 0.31396000683307645,
    "translation_en-fr": 0.3653073996305466,
    "reverse_from_middle": 0.39578052163124083,
    "smallest_item_length": 0.3214870929718018,
    "smallest_even_no_sqrt": 0.3943382054567337,
    "most_vowel_return_consonant": 0.38300715386867523,
    "detect_rhyme_and_rewrite": 0.4807200521230698,
    "rank_by_protein": 0.3714731395244598,
    "multi_lang_to_english": 0.3297191321849823,
    "square_of_zodiac_animal": 0.44877237975597384,
    "alternate_synonym_antonym": 0.3230757534503937,
    "most_consonant_return_vowel": 0.39582942724227904,
    "least_unique_word_count": 0.4395067930221558,
    "first_word_alphabetically_return_reverse": 0.39451688528060913
  },
  "average_bert_score": 0.37852329879999164
}