{
  "model1_name": "Qwen_QwQ-32B",
  "model2_name": "open-thoughts_OpenThinker-7B",
  "task_scores": {
    "cause_and_effect": 0.6827431559562683,
    "larger_animal": 0.6417637228965759,
    "num_to_verbal": 0.6312485694885254,
    "orthography_starts_with": 0.6534273028373718,
    "rhymes": 0.6242857038974762,
    "synonyms": 0.5913429856300354,
    "taxonomy_animal": 0.6135398387908936,
    "translation_en-fr": 0.6376610040664673,
    "reverse_from_middle": 0.6442726731300354,
    "smallest_item_length": 0.6195263504981995,
    "smallest_even_no_sqrt": 0.6356464982032776,
    "most_vowel_return_consonant": 0.7360109567642212,
    "detect_rhyme_and_rewrite": 0.750404441356659,
    "rank_by_protein": 0.7406319379806519,
    "multi_lang_to_english": 0.7914422512054443,
    "square_of_zodiac_animal": 0.6231062412261963,
    "alternate_synonym_antonym": 0.635286545753479,
    "most_consonant_return_vowel": 0.6655407905578613,
    "least_unique_word_count": 0.6766677618026733,
    "first_word_alphabetically_return_reverse": 0.6684726238250732
  },
  "average_bert_score": 0.6631510677933693
}