{
  "model1_name": "BytedTsinghua-SIA_DAPO-Qwen-32B",
  "model2_name": "nvidia_Nemotron-Research-Reasoning-Qwen-1.5B",
  "task_scores": {
    "cause_and_effect": 0.6199589133262634,
    "larger_animal": 0.6232805728912354,
    "num_to_verbal": 0.5556150257587433,
    "orthography_starts_with": 0.5943199992179871,
    "rhymes": 0.590622854232788,
    "synonyms": 0.5642565250396728,
    "taxonomy_animal": 0.4932463765144348,
    "translation_en-fr": 0.6605909824371338,
    "reverse_from_middle": 0.5793959140777588,
    "smallest_item_length": 0.6128404855728149,
    "smallest_even_no_sqrt": 0.5509275078773499,
    "most_vowel_return_consonant": 0.6620068669319152,
    "detect_rhyme_and_rewrite": 0.6633039236068725,
    "rank_by_protein": 0.6137611389160156,
    "multi_lang_to_english": 0.6544250607490539,
    "square_of_zodiac_animal": 0.6319959998130799,
    "alternate_synonym_antonym": 0.6325243413448334,
    "most_consonant_return_vowel": 0.6338528513908386,
    "least_unique_word_count": 0.6327804684638977,
    "first_word_alphabetically_return_reverse": 0.5895987749099731
  },
  "average_bert_score": 0.607965229153633
}