{
  "model1_name": "openai_gpt-oss-20b",
  "model2_name": "open-thoughts_OpenThinker-7B",
  "task_scores": {
    "cause_and_effect": 0.4466406017541885,
    "larger_animal": 0.441659539937973,
    "num_to_verbal": 0.3696106046438217,
    "orthography_starts_with": 0.4219660311937332,
    "rhymes": 0.4203841477632523,
    "synonyms": 0.41204396784305575,
    "taxonomy_animal": 0.36931580007076265,
    "translation_en-fr": 0.3684488981962204,
    "reverse_from_middle": 0.44417389333248136,
    "smallest_item_length": 0.3846919149160385,
    "smallest_even_no_sqrt": 0.42224237620830535,
    "most_vowel_return_consonant": 0.4211528092622757,
    "detect_rhyme_and_rewrite": 0.5497263848781586,
    "rank_by_protein": 0.44499716758728025,
    "multi_lang_to_english": 0.38364631235599517,
    "square_of_zodiac_animal": 0.46558377146720886,
    "alternate_synonym_antonym": 0.3579505145549774,
    "most_consonant_return_vowel": 0.4432275205850601,
    "least_unique_word_count": 0.45618722438812254,
    "first_word_alphabetically_return_reverse": 0.4298181623220444
  },
  "average_bert_score": 0.4226733821630478
}