{
  "model1_name": "nvidia_Nemotron-Research-Reasoning-Qwen-1.5B",
  "model2_name": "Qwen_QwQ-32B",
  "task_scores": {
    "cause_and_effect": 0.6089442014694214,
    "larger_animal": 0.627090847492218,
    "num_to_verbal": 0.6778482913970947,
    "orthography_starts_with": 0.5868989706039429,
    "rhymes": 0.6528821289539337,
    "synonyms": 0.5686896800994873,
    "taxonomy_animal": 0.42932928204536436,
    "translation_en-fr": 0.6365346908569336,
    "reverse_from_middle": 0.6683510541915894,
    "smallest_item_length": 0.6268222689628601,
    "smallest_even_no_sqrt": 0.5657737255096436,
    "most_vowel_return_consonant": 0.6987754940986634,
    "detect_rhyme_and_rewrite": 0.6535704731941223,
    "rank_by_protein": 0.6910383105278015,
    "multi_lang_to_english": 0.6873329699039459,
    "square_of_zodiac_animal": 0.6004409193992615,
    "alternate_synonym_antonym": 0.6209060668945312,
    "most_consonant_return_vowel": 0.6432436466217041,
    "least_unique_word_count": 0.6739061594009399,
    "first_word_alphabetically_return_reverse": 0.6341485619544983
  },
  "average_bert_score": 0.6276263871788978
}