{
  "model1_name": "BytedTsinghua-SIA_DAPO-Qwen-32B",
  "model2_name": "Qwen_QwQ-32B",
  "task_scores": {
    "cause_and_effect": 0.6472390651702881,
    "larger_animal": 0.627755320072174,
    "num_to_verbal": 0.6411758065223694,
    "orthography_starts_with": 0.6436972618103027,
    "rhymes": 0.6410850167274476,
    "synonyms": 0.6565314650535583,
    "taxonomy_animal": 0.6075243473052978,
    "translation_en-fr": 0.5763870239257812,
    "reverse_from_middle": 0.6341562747955323,
    "smallest_item_length": 0.7791183710098266,
    "smallest_even_no_sqrt": 0.7452137351036072,
    "most_vowel_return_consonant": 0.6948688864707947,
    "detect_rhyme_and_rewrite": 0.7430132865905762,
    "rank_by_protein": 0.6722698211669922,
    "multi_lang_to_english": 0.7069649815559387,
    "square_of_zodiac_animal": 0.7455606281757354,
    "alternate_synonym_antonym": 0.7313371956348419,
    "most_consonant_return_vowel": 0.6947712421417236,
    "least_unique_word_count": 0.654907476902008,
    "first_word_alphabetically_return_reverse": 0.671140056848526
  },
  "average_bert_score": 0.675735863149166
}