{
  "model1_name": "Qwen_QwQ-32B",
  "model2_name": "openai_gpt-oss-20b",
  "task_scores": {
    "cause_and_effect": 0.448904287815094,
    "larger_animal": 0.3914480060338974,
    "num_to_verbal": 0.32525656521320345,
    "orthography_starts_with": 0.4151195764541626,
    "rhymes": 0.45305484533309937,
    "synonyms": 0.3651972979307175,
    "taxonomy_animal": 0.34879557490348817,
    "translation_en-fr": 0.4001666247844696,
    "reverse_from_middle": 0.3982188105583191,
    "smallest_item_length": 0.34153514802455903,
    "smallest_even_no_sqrt": 0.3983145534992218,
    "most_vowel_return_consonant": 0.3996785402297974,
    "detect_rhyme_and_rewrite": 0.5291307628154754,
    "rank_by_protein": 0.4266490250825882,
    "multi_lang_to_english": 0.3588541805744171,
    "square_of_zodiac_animal": 0.4938335746526718,
    "alternate_synonym_antonym": 0.3355389475822449,
    "most_consonant_return_vowel": 0.42623419165611265,
    "least_unique_word_count": 0.4589555740356445,
    "first_word_alphabetically_return_reverse": 0.4162235915660858
  },
  "average_bert_score": 0.4065554839372635
}