{
  "model1_name": "openai_gpt-oss-20b",
  "model2_name": "open-thoughts_OpenThinker-7B",
  "task_scores": {
    "cause_and_effect": 0.6714816451072693,
    "larger_animal": 0.619066321849823,
    "num_to_verbal": 0.5940650701522827,
    "orthography_starts_with": 0.6250718235969543,
    "rhymes": 0.6184214353561401,
    "synonyms": 0.5727310419082642,
    "taxonomy_animal": 0.6352867364883423,
    "translation_en-fr": 0.5794281959533691,
    "reverse_from_middle": 0.6167895197868347,
    "smallest_item_length": 0.6492334365844726,
    "smallest_even_no_sqrt": 0.6235574662685395,
    "most_vowel_return_consonant": 0.6296030879020691,
    "detect_rhyme_and_rewrite": 0.6707275032997131,
    "rank_by_protein": 0.6468798518180847,
    "multi_lang_to_english": 0.6842618882656097,
    "square_of_zodiac_animal": 0.7044219732284546,
    "alternate_synonym_antonym": 0.5671431303024292,
    "most_consonant_return_vowel": 0.6054771810770034,
    "least_unique_word_count": 0.6962924361228943,
    "first_word_alphabetically_return_reverse": 0.6042817234992981
  },
  "average_bert_score": 0.6307110734283924
}