{
  "model1_name": "nvidia_Nemotron-Research-Reasoning-Qwen-1.5B",
  "model2_name": "openai_gpt-oss-20b",
  "task_scores": {
    "cause_and_effect": 0.6120298862457275,
    "larger_animal": 0.6517825961112976,
    "num_to_verbal": 0.5476031243801117,
    "orthography_starts_with": 0.6183021187782287,
    "rhymes": 0.6153486847877503,
    "synonyms": 0.5429922223091126,
    "taxonomy_animal": 0.5744113445281982,
    "translation_en-fr": 0.5513490796089172,
    "reverse_from_middle": 0.5647202610969544,
    "smallest_item_length": 0.6097661018371582,
    "smallest_even_no_sqrt": 0.5547463834285736,
    "most_vowel_return_consonant": 0.6641734838485718,
    "detect_rhyme_and_rewrite": 0.6557937204837799,
    "rank_by_protein": 0.6249000012874604,
    "multi_lang_to_english": 0.6349677920341492,
    "square_of_zodiac_animal": 0.6659657835960389,
    "alternate_synonym_antonym": 0.5997891128063202,
    "most_consonant_return_vowel": 0.5561529129743576,
    "least_unique_word_count": 0.6024449467658997,
    "first_word_alphabetically_return_reverse": 0.6157325387001038
  },
  "average_bert_score": 0.6031486047804357
}