{
  "model1_name": "Qwen_QwQ-32B",
  "model2_name": "openai_gpt-oss-20b",
  "task_scores": {
    "cause_and_effect": 0.6753300309181214,
    "larger_animal": 0.6909780263900757,
    "num_to_verbal": 0.628945317864418,
    "orthography_starts_with": 0.6888335168361663,
    "rhymes": 0.6320810556411743,
    "synonyms": 0.6408826828002929,
    "taxonomy_animal": 0.5777877330780029,
    "translation_en-fr": 0.5758203387260437,
    "reverse_from_middle": 0.5978842079639435,
    "smallest_item_length": 0.6352581143379211,
    "smallest_even_no_sqrt": 0.5892317712306976,
    "most_vowel_return_consonant": 0.6665997505187988,
    "detect_rhyme_and_rewrite": 0.6682612061500549,
    "rank_by_protein": 0.6624866604804993,
    "multi_lang_to_english": 0.7230290114879608,
    "square_of_zodiac_animal": 0.6245097279548645,
    "alternate_synonym_antonym": 0.6834672629833222,
    "most_consonant_return_vowel": 0.5764650642871857,
    "least_unique_word_count": 0.661670446395874,
    "first_word_alphabetically_return_reverse": 0.7167802393436432
  },
  "average_bert_score": 0.645815108269453
}