{
  "model1_name": "nvidia_Nemotron-Research-Reasoning-Qwen-1.5B",
  "model2_name": "Qwen_QwQ-32B",
  "task_scores": {
    "cause_and_effect": 0.6033743858337403,
    "larger_animal": 0.6472437262535096,
    "num_to_verbal": 0.6333771109580993,
    "orthography_starts_with": 0.623566460609436,
    "rhymes": 0.6093571186065674,
    "synonyms": 0.5435031890869141,
    "taxonomy_animal": 0.6714733004570007,
    "translation_en-fr": 0.5695287823677063,
    "reverse_from_middle": 0.628623116016388,
    "smallest_item_length": 0.6927371740341186,
    "smallest_even_no_sqrt": 0.5677376985549927,
    "most_vowel_return_consonant": 0.6571053683757782,
    "detect_rhyme_and_rewrite": 0.6779501557350158,
    "rank_by_protein": 0.6271298289299011,
    "multi_lang_to_english": 0.6433616638183594,
    "square_of_zodiac_animal": 0.6116770207881927,
    "alternate_synonym_antonym": 0.6157183647155762,
    "most_consonant_return_vowel": 0.6427108168601989,
    "least_unique_word_count": 0.5993006467819214,
    "first_word_alphabetically_return_reverse": 0.6499497294425964
  },
  "average_bert_score": 0.6257712829113007
}