{
  "model1_name": "nvidia_Nemotron-Research-Reasoning-Qwen-1.5B",
  "model2_name": "open-thoughts_OpenThinker-7B",
  "task_scores": {
    "cause_and_effect": 0.587311041355133,
    "larger_animal": 0.6012400805950164,
    "num_to_verbal": 0.7261203050613403,
    "orthography_starts_with": 0.6056643962860108,
    "rhymes": 0.6200672030448914,
    "synonyms": 0.5514295220375061,
    "taxonomy_animal": 0.5677694320678711,
    "translation_en-fr": 0.5668946862220764,
    "reverse_from_middle": 0.5900097846984863,
    "smallest_item_length": 0.6372692823410034,
    "smallest_even_no_sqrt": 0.5680241465568543,
    "most_vowel_return_consonant": 0.5759858965873719,
    "detect_rhyme_and_rewrite": 0.7015880703926086,
    "rank_by_protein": 0.6113245546817779,
    "multi_lang_to_english": 0.6995391607284546,
    "square_of_zodiac_animal": 0.6909990787506104,
    "alternate_synonym_antonym": 0.6269812405109405,
    "most_consonant_return_vowel": 0.5987689256668091,
    "least_unique_word_count": 0.6239929914474487,
    "first_word_alphabetically_return_reverse": 0.6253010630607605
  },
  "average_bert_score": 0.6188140431046485
}