{
  "model1_name": "BytedTsinghua-SIA_DAPO-Qwen-32B",
  "model2_name": "openai_gpt-oss-20b",
  "task_scores": {
    "cause_and_effect": 0.6522972345352173,
    "larger_animal": 0.662384855747223,
    "num_to_verbal": 0.5500290989875793,
    "orthography_starts_with": 0.6481181383132935,
    "rhymes": 0.6373377561569213,
    "synonyms": 0.573429536819458,
    "taxonomy_animal": 0.6216141223907471,
    "translation_en-fr": 0.5703198730945587,
    "reverse_from_middle": 0.6282975494861602,
    "smallest_item_length": 0.6260152697563172,
    "smallest_even_no_sqrt": 0.6174892306327819,
    "most_vowel_return_consonant": 0.698965847492218,
    "detect_rhyme_and_rewrite": 0.6696808218955994,
    "rank_by_protein": 0.6612862944602966,
    "multi_lang_to_english": 0.6560920715332031,
    "square_of_zodiac_animal": 0.7028702974319458,
    "alternate_synonym_antonym": 0.648347282409668,
    "most_consonant_return_vowel": 0.6035226225852967,
    "least_unique_word_count": 0.6353981971740723,
    "first_word_alphabetically_return_reverse": 0.6481020331382752
  },
  "average_bert_score": 0.6355799067020417
}