{
  "model1_name": "BytedTsinghua-SIA_DAPO-Qwen-32B",
  "model2_name": "open-thoughts_OpenThinker-7B",
  "task_scores": {
    "cause_and_effect": 0.5976458072662354,
    "larger_animal": 0.5634877204895019,
    "num_to_verbal": 0.593442416191101,
    "orthography_starts_with": 0.6254051208496094,
    "rhymes": 0.5835465908050537,
    "synonyms": 0.5826347053050995,
    "taxonomy_animal": 0.5821133136749268,
    "translation_en-fr": 0.5714880466461182,
    "reverse_from_middle": 0.5523998141288757,
    "smallest_item_length": 0.6285172224044799,
    "smallest_even_no_sqrt": 0.6351607918739319,
    "most_vowel_return_consonant": 0.6251027107238769,
    "detect_rhyme_and_rewrite": 0.6835263133049011,
    "rank_by_protein": 0.6070481538772583,
    "multi_lang_to_english": 0.6016394376754761,
    "square_of_zodiac_animal": 0.6945595860481262,
    "alternate_synonym_antonym": 0.6189875662326813,
    "most_consonant_return_vowel": 0.6665268421173096,
    "least_unique_word_count": 0.6441616535186767,
    "first_word_alphabetically_return_reverse": 0.6141357898712159
  },
  "average_bert_score": 0.6135764801502227
}