{
  "model1_name": "Qwen_QwQ-32B",
  "model2_name": "open-thoughts_OpenThinker-7B",
  "task_scores": {
    "cause_and_effect": 0.6459753155708313,
    "larger_animal": 0.6401181817054749,
    "num_to_verbal": 0.6702893137931824,
    "orthography_starts_with": 0.6021936058998107,
    "rhymes": 0.5696568846702575,
    "synonyms": 0.5916491746902466,
    "taxonomy_animal": 0.5612285614013672,
    "translation_en-fr": 0.6419172286987305,
    "reverse_from_middle": 0.5705848336219788,
    "smallest_item_length": 0.6610854506492615,
    "smallest_even_no_sqrt": 0.5389194428920746,
    "most_vowel_return_consonant": 0.5848208427429199,
    "detect_rhyme_and_rewrite": 0.7332558751106262,
    "rank_by_protein": 0.5981134533882141,
    "multi_lang_to_english": 0.670032012462616,
    "square_of_zodiac_animal": 0.6297879755496979,
    "alternate_synonym_antonym": 0.6117277920246125,
    "most_consonant_return_vowel": 0.6235311985015869,
    "least_unique_word_count": 0.6585327386856079,
    "first_word_alphabetically_return_reverse": 0.6349767208099365
  },
  "average_bert_score": 0.6219198301434516
}