{
  "model1_name": "BytedTsinghua-SIA_DAPO-Qwen-32B",
  "model2_name": "Qwen_QwQ-32B",
  "task_scores": {
    "cause_and_effect": 0.67388516664505,
    "larger_animal": 0.6221264243125916,
    "num_to_verbal": 0.6555284976959228,
    "orthography_starts_with": 0.6796285152435303,
    "rhymes": 0.6680999398231506,
    "synonyms": 0.6447345733642578,
    "taxonomy_animal": 0.5970739424228668,
    "translation_en-fr": 0.6135267376899719,
    "reverse_from_middle": 0.589616334438324,
    "smallest_item_length": 0.6426319599151611,
    "smallest_even_no_sqrt": 0.5999009788036347,
    "most_vowel_return_consonant": 0.6603858470916748,
    "detect_rhyme_and_rewrite": 0.7127038717269898,
    "rank_by_protein": 0.6482508182525635,
    "multi_lang_to_english": 0.6298206984996796,
    "square_of_zodiac_animal": 0.6268940985202789,
    "alternate_synonym_antonym": 0.6903362452983857,
    "most_consonant_return_vowel": 0.6739470839500428,
    "least_unique_word_count": 0.6409732937812805,
    "first_word_alphabetically_return_reverse": 0.6890923142433166
  },
  "average_bert_score": 0.6479578670859337
}