{
  "model1_name": "BytedTsinghua-SIA_DAPO-Qwen-32B",
  "model2_name": "nvidia_Nemotron-Research-Reasoning-Qwen-1.5B",
  "task_scores": {
    "cause_and_effect": 0.5815471529960632,
    "larger_animal": 0.5998936414718627,
    "num_to_verbal": 0.5625168323516846,
    "orthography_starts_with": 0.5948019623756409,
    "rhymes": 0.5784994244575501,
    "synonyms": 0.5388899266719818,
    "taxonomy_animal": 0.6210218906402588,
    "translation_en-fr": 0.5361020594835282,
    "reverse_from_middle": 0.5642174422740937,
    "smallest_item_length": 0.648349380493164,
    "smallest_even_no_sqrt": 0.5881861805915832,
    "most_vowel_return_consonant": 0.6652360796928406,
    "detect_rhyme_and_rewrite": 0.691348421573639,
    "rank_by_protein": 0.6078311085700989,
    "multi_lang_to_english": 0.6162235081195832,
    "square_of_zodiac_animal": 0.6656192421913147,
    "alternate_synonym_antonym": 0.6356695175170899,
    "most_consonant_return_vowel": 0.6322874069213867,
    "least_unique_word_count": 0.6092919707298279,
    "first_word_alphabetically_return_reverse": 0.656009829044342
  },
  "average_bert_score": 0.6096771489083768
}