{
  "model1_name": "BytedTsinghua-SIA_DAPO-Qwen-32B",
  "model2_name": "open-thoughts_OpenThinker-7B",
  "task_scores": {
    "cause_and_effect": 0.7336511373519897,
    "larger_animal": 0.5968273878097534,
    "num_to_verbal": 0.6535436511039734,
    "orthography_starts_with": 0.6841361403465271,
    "rhymes": 0.6623215436935425,
    "synonyms": 0.618001538515091,
    "taxonomy_animal": 0.5828157722949981,
    "translation_en-fr": 0.6294503211975098,
    "reverse_from_middle": 0.5831387341022491,
    "smallest_item_length": 0.702929699420929,
    "smallest_even_no_sqrt": 0.6658097267150879,
    "most_vowel_return_consonant": 0.6183970451354981,
    "detect_rhyme_and_rewrite": 0.7158367216587067,
    "rank_by_protein": 0.6457212328910827,
    "multi_lang_to_english": 0.6261397778987885,
    "square_of_zodiac_animal": 0.6858330726623535,
    "alternate_synonym_antonym": 0.7125806391239167,
    "most_consonant_return_vowel": 0.6537251949310303,
    "least_unique_word_count": 0.6666260361671448,
    "first_word_alphabetically_return_reverse": 0.6563684940338135
  },
  "average_bert_score": 0.6546926933526993
}