{
  "model1_name": "nvidia_Nemotron-Research-Reasoning-Qwen-1.5B",
  "model2_name": "openai_gpt-oss-20b",
  "task_scores": {
    "cause_and_effect": 0.6243140816688537,
    "larger_animal": 0.5734513521194458,
    "num_to_verbal": 0.6433611035346984,
    "orthography_starts_with": 0.5674083471298218,
    "rhymes": 0.6628039956092835,
    "synonyms": 0.569107711315155,
    "taxonomy_animal": 0.5972580730915069,
    "translation_en-fr": 0.6182357907295227,
    "reverse_from_middle": 0.5754356145858764,
    "smallest_item_length": 0.6378151178359985,
    "smallest_even_no_sqrt": 0.6177465319633484,
    "most_vowel_return_consonant": 0.6190773963928222,
    "detect_rhyme_and_rewrite": 0.589653080701828,
    "rank_by_protein": 0.6329236268997193,
    "multi_lang_to_english": 0.5619606018066406,
    "square_of_zodiac_animal": 0.6277270913124084,
    "alternate_synonym_antonym": 0.6033847451210022,
    "most_consonant_return_vowel": 0.5967497587203979,
    "least_unique_word_count": 0.646248197555542,
    "first_word_alphabetically_return_reverse": 0.5636502742767334
  },
  "average_bert_score": 0.6064156246185302
}