{
  "model1_name": "nvidia_Nemotron-Research-Reasoning-Qwen-1.5B",
  "model2_name": "open-thoughts_OpenThinker-7B",
  "task_scores": {
    "cause_and_effect": 0.6244380712509155,
    "larger_animal": 0.5764991521835328,
    "num_to_verbal": 0.7202575325965881,
    "orthography_starts_with": 0.5793928027153015,
    "rhymes": 0.6800140976905823,
    "synonyms": 0.6030918598175049,
    "taxonomy_animal": 0.6731385946273803,
    "translation_en-fr": 0.6239619255065918,
    "reverse_from_middle": 0.5949495792388916,
    "smallest_item_length": 0.7053635358810425,
    "smallest_even_no_sqrt": 0.6583630084991455,
    "most_vowel_return_consonant": 0.6479716181755066,
    "detect_rhyme_and_rewrite": 0.6120585978031159,
    "rank_by_protein": 0.6869623899459839,
    "multi_lang_to_english": 0.5647802710533142,
    "square_of_zodiac_animal": 0.5947744369506835,
    "alternate_synonym_antonym": 0.6411086678504944,
    "most_consonant_return_vowel": 0.601195216178894,
    "least_unique_word_count": 0.6168252229690552,
    "first_word_alphabetically_return_reverse": 0.6204882144927979
  },
  "average_bert_score": 0.6312817397713661
}