{
  "model1_name": "openai_gpt-oss-20b",
  "model2_name": "open-thoughts_OpenThinker-7B",
  "task_scores": {
    "cause_and_effect": 0.6972843408584595,
    "larger_animal": 0.5916888654232025,
    "num_to_verbal": 0.6552996516227723,
    "orthography_starts_with": 0.6326618671417237,
    "rhymes": 0.6523852705955505,
    "synonyms": 0.6148123264312744,
    "taxonomy_animal": 0.5840100884437561,
    "translation_en-fr": 0.6621205329895019,
    "reverse_from_middle": 0.6229628920555115,
    "smallest_item_length": 0.7082238912582397,
    "smallest_even_no_sqrt": 0.6599987626075745,
    "most_vowel_return_consonant": 0.6845277428627015,
    "detect_rhyme_and_rewrite": 0.7167577981948853,
    "rank_by_protein": 0.6922697186470032,
    "multi_lang_to_english": 0.7625858128070832,
    "square_of_zodiac_animal": 0.7079665780067443,
    "alternate_synonym_antonym": 0.685607373714447,
    "most_consonant_return_vowel": 0.6739151239395141,
    "least_unique_word_count": 0.6811723828315734,
    "first_word_alphabetically_return_reverse": 0.6068209528923034
  },
  "average_bert_score": 0.664653598666191
}