{
  "model1_name": "nvidia_Nemotron-Research-Reasoning-Qwen-1.5B",
  "model2_name": "Qwen_QwQ-32B",
  "task_scores": {
    "cause_and_effect": 0.5973404169082641,
    "larger_animal": 0.6064314723014832,
    "num_to_verbal": 0.7206716656684875,
    "orthography_starts_with": 0.526834762096405,
    "rhymes": 0.6732897639274598,
    "synonyms": 0.6083343505859375,
    "taxonomy_animal": 0.5801357865333557,
    "translation_en-fr": 0.564369136095047,
    "reverse_from_middle": 0.6416452765464783,
    "smallest_item_length": 0.7002449035644531,
    "smallest_even_no_sqrt": 0.5656669676303864,
    "most_vowel_return_consonant": 0.6226290822029114,
    "detect_rhyme_and_rewrite": 0.6058357238769532,
    "rank_by_protein": 0.6584441483020782,
    "multi_lang_to_english": 0.515921437740326,
    "square_of_zodiac_animal": 0.6470049142837524,
    "alternate_synonym_antonym": 0.6428183078765869,
    "most_consonant_return_vowel": 0.6372556567192078,
    "least_unique_word_count": 0.6330058574676514,
    "first_word_alphabetically_return_reverse": 0.671200942993164
  },
  "average_bert_score": 0.6209540286660193
}