{
  "model1_name": "BytedTsinghua-SIA_DAPO-Qwen-32B",
  "model2_name": "Qwen_QwQ-32B",
  "task_scores": {
    "cause_and_effect": 0.7306932806968689,
    "larger_animal": 0.6550005674362183,
    "num_to_verbal": 0.6647668898105621,
    "orthography_starts_with": 0.5704545259475708,
    "rhymes": 0.6360371351242066,
    "synonyms": 0.6646863698959351,
    "taxonomy_animal": 0.5820135593414306,
    "translation_en-fr": 0.5950879395008087,
    "reverse_from_middle": 0.586687195301056,
    "smallest_item_length": 0.719314694404602,
    "smallest_even_no_sqrt": 0.5957641005516052,
    "most_vowel_return_consonant": 0.6802744626998901,
    "detect_rhyme_and_rewrite": 0.7699430584907532,
    "rank_by_protein": 0.6360884249210358,
    "multi_lang_to_english": 0.5730335235595703,
    "square_of_zodiac_animal": 0.6855500936508179,
    "alternate_synonym_antonym": 0.7665457606315613,
    "most_consonant_return_vowel": 0.685895836353302,
    "least_unique_word_count": 0.6508740007877349,
    "first_word_alphabetically_return_reverse": 0.6779433965682984
  },
  "average_bert_score": 0.6563327407836914
}