{
  "model1_name": "BytedTsinghua-SIA_DAPO-Qwen-32B",
  "model2_name": "openai_gpt-oss-20b",
  "task_scores": {
    "cause_and_effect": 0.7305931925773621,
    "larger_animal": 0.5999612808227539,
    "num_to_verbal": 0.5936087489128112,
    "orthography_starts_with": 0.6240697860717773,
    "rhymes": 0.6567842125892639,
    "synonyms": 0.6232602000236511,
    "taxonomy_animal": 0.6095424294471741,
    "translation_en-fr": 0.6155361652374267,
    "reverse_from_middle": 0.6854503750801086,
    "smallest_item_length": 0.7019631862640381,
    "smallest_even_no_sqrt": 0.668524956703186,
    "most_vowel_return_consonant": 0.6830995440483093,
    "detect_rhyme_and_rewrite": 0.750717031955719,
    "rank_by_protein": 0.6854941368103027,
    "multi_lang_to_english": 0.6447592079639435,
    "square_of_zodiac_animal": 0.7150474071502686,
    "alternate_synonym_antonym": 0.6486674249172211,
    "most_consonant_return_vowel": 0.6467032790184021,
    "least_unique_word_count": 0.6762914299964905,
    "first_word_alphabetically_return_reverse": 0.6396358013153076
  },
  "average_bert_score": 0.6599854898452758
}