{
  "model1_name": "Qwen_QwQ-32B",
  "model2_name": "openai_gpt-oss-20b",
  "task_scores": {
    "cause_and_effect": 0.7051360368728637,
    "larger_animal": 0.5992795705795289,
    "num_to_verbal": 0.6912602007389068,
    "orthography_starts_with": 0.5820001125335693,
    "rhymes": 0.6219081521034241,
    "synonyms": 0.6421501874923706,
    "taxonomy_animal": 0.5675215542316436,
    "translation_en-fr": 0.6311785995960235,
    "reverse_from_middle": 0.6178474664688111,
    "smallest_item_length": 0.7081577897071838,
    "smallest_even_no_sqrt": 0.6076163709163666,
    "most_vowel_return_consonant": 0.6882310032844543,
    "detect_rhyme_and_rewrite": 0.7284846425056457,
    "rank_by_protein": 0.6188306927680969,
    "multi_lang_to_english": 0.6576061904430389,
    "square_of_zodiac_animal": 0.7126973748207093,
    "alternate_synonym_antonym": 0.6686766505241394,
    "most_consonant_return_vowel": 0.6662374496459961,
    "least_unique_word_count": 0.6601801753044129,
    "first_word_alphabetically_return_reverse": 0.6099395871162414
  },
  "average_bert_score": 0.6492469903826713
}