{
  "model1_name": "BytedTsinghua-SIA_DAPO-Qwen-32B",
  "model2_name": "nvidia_Nemotron-Research-Reasoning-Qwen-1.5B",
  "task_scores": {
    "cause_and_effect": 0.6216023564338684,
    "larger_animal": 0.622090470790863,
    "num_to_verbal": 0.6272101759910583,
    "orthography_starts_with": 0.5862875342369079,
    "rhymes": 0.7012940049171448,
    "synonyms": 0.6275575995445252,
    "taxonomy_animal": 0.623016631603241,
    "translation_en-fr": 0.6061239600181579,
    "reverse_from_middle": 0.5348089516162873,
    "smallest_item_length": 0.6575994849205017,
    "smallest_even_no_sqrt": 0.6468963146209716,
    "most_vowel_return_consonant": 0.5890769362449646,
    "detect_rhyme_and_rewrite": 0.5976848900318146,
    "rank_by_protein": 0.6403017461299896,
    "multi_lang_to_english": 0.5657590150833129,
    "square_of_zodiac_animal": 0.5861979961395264,
    "alternate_synonym_antonym": 0.664464247226715,
    "most_consonant_return_vowel": 0.6157845735549927,
    "least_unique_word_count": 0.644496476650238,
    "first_word_alphabetically_return_reverse": 0.6369651794433594
  },
  "average_bert_score": 0.619760927259922
}