{
  "model1_name": "Qwen_QwQ-32B",
  "model2_name": "open-thoughts_OpenThinker-7B",
  "task_scores": {
    "cause_and_effect": 0.6656121611595154,
    "larger_animal": 0.6078536987304688,
    "num_to_verbal": 0.7250301241874695,
    "orthography_starts_with": 0.5614679038524628,
    "rhymes": 0.6748324990272522,
    "synonyms": 0.6018880248069763,
    "taxonomy_animal": 0.5422516644001008,
    "translation_en-fr": 0.5941131353378296,
    "reverse_from_middle": 0.58363835811615,
    "smallest_item_length": 0.7762253403663635,
    "smallest_even_no_sqrt": 0.5887601792812347,
    "most_vowel_return_consonant": 0.6447911620140075,
    "detect_rhyme_and_rewrite": 0.7278655171394348,
    "rank_by_protein": 0.6704952478408813,
    "multi_lang_to_english": 0.6154370248317719,
    "square_of_zodiac_animal": 0.6829180121421814,
    "alternate_synonym_antonym": 0.6957208275794983,
    "most_consonant_return_vowel": 0.669845700263977,
    "least_unique_word_count": 0.6314726710319519,
    "first_word_alphabetically_return_reverse": 0.5930228650569915
  },
  "average_bert_score": 0.642662105858326
}