{
  "model1_name": "openai/gpt-oss-20b",
  "model2_name": "open-thoughts/OpenThinker-7B",
  "task_scores": {
    "cause_and_effect": 0.7014896035194397,
    "larger_animal": 0.6885958075523376,
    "num_to_verbal": 0.8279531240463257,
    "orthography_starts_with": 0.7326265096664428,
    "rhymes": 0.7645165920257568,
    "synonyms": 0.6771250009536743,
    "taxonomy_animal": 0.6402502298355103,
    "translation_en-fr": 0.6923340082168579,
    "reverse_from_middle": 0.6705496191978455,
    "smallest_item_length": 0.6718254089355469,
    "smallest_even_no_sqrt": 0.6378290235996247,
    "most_vowel_return_consonant": 0.6226732015609742,
    "detect_rhyme_and_rewrite": 0.797805905342102,
    "rank_by_protein": 0.6717785596847534,
    "multi_lang_to_english": 0.6734504222869873,
    "square_of_zodiac_animal": 0.6803386449813843,
    "alternate_synonym_antonym": 0.7024838209152222,
    "most_consonant_return_vowel": 0.6908046483993531,
    "least_unique_word_count": 0.6694792747497559,
    "first_word_alphabetically_return_reverse": 0.7082340240478515
  },
  "average_bert_score": 0.6961071714758874
}