{
  "model1_name": "BytedTsinghua-SIA_DAPO-Qwen-32B",
  "model2_name": "Qwen_QwQ-32B",
  "task_scores": {
    "cause_and_effect": 0.629863178730011,
    "larger_animal": 0.6091188907623291,
    "num_to_verbal": 0.6253738701343536,
    "orthography_starts_with": 0.7078374087810516,
    "rhymes": 0.652427077293396,
    "synonyms": 0.6165272474288941,
    "taxonomy_animal": 0.647246527671814,
    "translation_en-fr": 0.6045054793357849,
    "reverse_from_middle": 0.6083922743797302,
    "smallest_item_length": 0.7077799797058105,
    "smallest_even_no_sqrt": 0.703382134437561,
    "most_vowel_return_consonant": 0.7081510186195373,
    "detect_rhyme_and_rewrite": 0.7342423021793365,
    "rank_by_protein": 0.7043299198150634,
    "multi_lang_to_english": 0.6024167358875274,
    "square_of_zodiac_animal": 0.7309375524520874,
    "alternate_synonym_antonym": 0.7272594392299652,
    "most_consonant_return_vowel": 0.687306261062622,
    "least_unique_word_count": 0.6911247849464417,
    "first_word_alphabetically_return_reverse": 0.6709259986877442
  },
  "average_bert_score": 0.6684574040770531
}