{
  "model1_name": "BytedTsinghua-SIA_DAPO-Qwen-32B",
  "model2_name": "open-thoughts_OpenThinker-7B",
  "task_scores": {
    "cause_and_effect": 0.6532379269599915,
    "larger_animal": 0.5729768335819244,
    "num_to_verbal": 0.6052817702293396,
    "orthography_starts_with": 0.6956636667251587,
    "rhymes": 0.6352683186531067,
    "synonyms": 0.6050586879253388,
    "taxonomy_animal": 0.6189929842948914,
    "translation_en-fr": 0.6324961900711059,
    "reverse_from_middle": 0.6087199091911316,
    "smallest_item_length": 0.624768853187561,
    "smallest_even_no_sqrt": 0.6307772040367127,
    "most_vowel_return_consonant": 0.6709013462066651,
    "detect_rhyme_and_rewrite": 0.7294888377189637,
    "rank_by_protein": 0.6864173293113709,
    "multi_lang_to_english": 0.5980962991714478,
    "square_of_zodiac_animal": 0.7183421015739441,
    "alternate_synonym_antonym": 0.6917816877365113,
    "most_consonant_return_vowel": 0.6815641283988952,
    "least_unique_word_count": 0.6944656133651733,
    "first_word_alphabetically_return_reverse": 0.6611831307411193
  },
  "average_bert_score": 0.6507741409540175
}