{
  "model1_name": "nvidia_Nemotron-Research-Reasoning-Qwen-1.5B",
  "model2_name": "Qwen_QwQ-32B",
  "task_scores": {
    "cause_and_effect": 0.6158543109893799,
    "larger_animal": 0.6239092350006104,
    "num_to_verbal": 0.6896031975746155,
    "orthography_starts_with": 0.6551052749156951,
    "rhymes": 0.6592230319976806,
    "synonyms": 0.5631949484348298,
    "taxonomy_animal": 0.6903146505355835,
    "translation_en-fr": 0.5601708769798279,
    "reverse_from_middle": 0.6217511296272278,
    "smallest_item_length": 0.6153263628482819,
    "smallest_even_no_sqrt": 0.6346192836761475,
    "most_vowel_return_consonant": 0.6279009342193603,
    "detect_rhyme_and_rewrite": 0.6385900616645813,
    "rank_by_protein": 0.6644926428794861,
    "multi_lang_to_english": 0.5575717449188232,
    "square_of_zodiac_animal": 0.7197415351867675,
    "alternate_synonym_antonym": 0.6902068316936493,
    "most_consonant_return_vowel": 0.6801770329475403,
    "least_unique_word_count": 0.7178084015846252,
    "first_word_alphabetically_return_reverse": 0.6242542088031768
  },
  "average_bert_score": 0.6424907848238944
}