{
  "model1_name": "openai_gpt-oss-20b",
  "model2_name": "open-thoughts_OpenThinker-7B",
  "task_scores": {
    "cause_and_effect": 0.6890952706336975,
    "larger_animal": 0.6313771367073059,
    "num_to_verbal": 0.7120162367820739,
    "orthography_starts_with": 0.7256011605262757,
    "rhymes": 0.6580794930458069,
    "synonyms": 0.6115875363349914,
    "taxonomy_animal": 0.6050038933753967,
    "translation_en-fr": 0.6072405099868774,
    "reverse_from_middle": 0.5931713342666626,
    "smallest_item_length": 0.6372117519378662,
    "smallest_even_no_sqrt": 0.6569294691085815,
    "most_vowel_return_consonant": 0.6608088135719299,
    "detect_rhyme_and_rewrite": 0.677148699760437,
    "rank_by_protein": 0.6457988739013671,
    "multi_lang_to_english": 0.6573885560035706,
    "square_of_zodiac_animal": 0.7154593706130982,
    "alternate_synonym_antonym": 0.727353698015213,
    "most_consonant_return_vowel": 0.7039461612701416,
    "least_unique_word_count": 0.6474530458450317,
    "first_word_alphabetically_return_reverse": 0.6911738634109497
  },
  "average_bert_score": 0.6626922437548638
}