{
  "model1_name": "nvidia_Nemotron-Research-Reasoning-Qwen-1.5B",
  "model2_name": "openai_gpt-oss-20b",
  "task_scores": {
    "cause_and_effect": 0.6058762431144714,
    "larger_animal": 0.6070046424865723,
    "num_to_verbal": 0.6563411235809327,
    "orthography_starts_with": 0.6674826741218567,
    "rhymes": 0.6199437618255615,
    "synonyms": 0.5340444028377533,
    "taxonomy_animal": 0.5853613793849946,
    "translation_en-fr": 0.5902202010154725,
    "reverse_from_middle": 0.5698255777359009,
    "smallest_item_length": 0.5820581555366516,
    "smallest_even_no_sqrt": 0.6022369623184204,
    "most_vowel_return_consonant": 0.5942394256591796,
    "detect_rhyme_and_rewrite": 0.5890597641468048,
    "rank_by_protein": 0.596556282043457,
    "multi_lang_to_english": 0.5619632780551911,
    "square_of_zodiac_animal": 0.6579643249511719,
    "alternate_synonym_antonym": 0.6870935618877411,
    "most_consonant_return_vowel": 0.6243263125419617,
    "least_unique_word_count": 0.6277565240859986,
    "first_word_alphabetically_return_reverse": 0.6320257186889648
  },
  "average_bert_score": 0.6095690158009529
}