{
  "model1_name": "BytedTsinghua-SIA_DAPO-Qwen-32B",
  "model2_name": "nvidia_Nemotron-Research-Reasoning-Qwen-1.5B",
  "task_scores": {
    "cause_and_effect": 0.6009542226791382,
    "larger_animal": 0.5749659419059754,
    "num_to_verbal": 0.5865244030952453,
    "orthography_starts_with": 0.702814769744873,
    "rhymes": 0.628499436378479,
    "synonyms": 0.5376780807971955,
    "taxonomy_animal": 0.6219000935554504,
    "translation_en-fr": 0.5976375937461853,
    "reverse_from_middle": 0.5579531192779541,
    "smallest_item_length": 0.61589515209198,
    "smallest_even_no_sqrt": 0.6155061483383178,
    "most_vowel_return_consonant": 0.6109749794006347,
    "detect_rhyme_and_rewrite": 0.6246368646621704,
    "rank_by_protein": 0.6784135222434997,
    "multi_lang_to_english": 0.620878529548645,
    "square_of_zodiac_animal": 0.7076898813247681,
    "alternate_synonym_antonym": 0.6998398065567016,
    "most_consonant_return_vowel": 0.6711809754371643,
    "least_unique_word_count": 0.6669814705848693,
    "first_word_alphabetically_return_reverse": 0.654354703426361
  },
  "average_bert_score": 0.6287639847397803
}