{
  "model1_name": "nvidia_Nemotron-Research-Reasoning-Qwen-1.5B",
  "model2_name": "open-thoughts_OpenThinker-7B",
  "task_scores": {
    "cause_and_effect": 0.5781839966773987,
    "larger_animal": 0.5767283797264099,
    "num_to_verbal": 0.6946593225002289,
    "orthography_starts_with": 0.68865767121315,
    "rhymes": 0.6623665809631347,
    "synonyms": 0.5484004437923431,
    "taxonomy_animal": 0.6352319478988647,
    "translation_en-fr": 0.5965796113014221,
    "reverse_from_middle": 0.6327289581298828,
    "smallest_item_length": 0.6986013889312744,
    "smallest_even_no_sqrt": 0.6018162488937377,
    "most_vowel_return_consonant": 0.6435591816902161,
    "detect_rhyme_and_rewrite": 0.6190996646881104,
    "rank_by_protein": 0.6755797147750855,
    "multi_lang_to_english": 0.6101219296455384,
    "square_of_zodiac_animal": 0.6947674036026001,
    "alternate_synonym_antonym": 0.7090074896812439,
    "most_consonant_return_vowel": 0.6887089371681213,
    "least_unique_word_count": 0.7025598168373108,
    "first_word_alphabetically_return_reverse": 0.6514216661453247
  },
  "average_bert_score": 0.64543901771307
}