{
  "model1_name": "Qwen_QwQ-32B",
  "model2_name": "openai_gpt-oss-20b",
  "task_scores": {
    "cause_and_effect": 0.6703243136405945,
    "larger_animal": 0.6109847545623779,
    "num_to_verbal": 0.7329312443733216,
    "orthography_starts_with": 0.7428670883178711,
    "rhymes": 0.6261783719062806,
    "synonyms": 0.616792869567871,
    "taxonomy_animal": 0.6242315888404846,
    "translation_en-fr": 0.6366315603256225,
    "reverse_from_middle": 0.6544780373573303,
    "smallest_item_length": 0.6292545557022095,
    "smallest_even_no_sqrt": 0.6513948440551758,
    "most_vowel_return_consonant": 0.6689167976379394,
    "detect_rhyme_and_rewrite": 0.7129030466079712,
    "rank_by_protein": 0.6860650479793549,
    "multi_lang_to_english": 0.637260103225708,
    "square_of_zodiac_animal": 0.6824568986892701,
    "alternate_synonym_antonym": 0.7094882428646088,
    "most_consonant_return_vowel": 0.6711173415184021,
    "least_unique_word_count": 0.6487239241600037,
    "first_word_alphabetically_return_reverse": 0.6608387470245362
  },
  "average_bert_score": 0.6636919689178467
}