{
  "model1_name": "Qwen_QwQ-32B",
  "model2_name": "open-thoughts_OpenThinker-7B",
  "task_scores": {
    "cause_and_effect": 0.6443259358406067,
    "larger_animal": 0.5796837031841278,
    "num_to_verbal": 0.7257694482803345,
    "orthography_starts_with": 0.710957384109497,
    "rhymes": 0.6451746582984924,
    "synonyms": 0.5753974795341492,
    "taxonomy_animal": 0.6983105897903442,
    "translation_en-fr": 0.5988920509815217,
    "reverse_from_middle": 0.5893538236618042,
    "smallest_item_length": 0.632965362071991,
    "smallest_even_no_sqrt": 0.6111138582229614,
    "most_vowel_return_consonant": 0.6652025818824768,
    "detect_rhyme_and_rewrite": 0.7452112317085267,
    "rank_by_protein": 0.6790293097496033,
    "multi_lang_to_english": 0.6106507301330566,
    "square_of_zodiac_animal": 0.7298305869102478,
    "alternate_synonym_antonym": 0.7169375956058502,
    "most_consonant_return_vowel": 0.7249803900718689,
    "least_unique_word_count": 0.6784175992012024,
    "first_word_alphabetically_return_reverse": 0.6346088409423828
  },
  "average_bert_score": 0.6598406580090522
}