{
  "model1_name": "BytedTsinghua-SIA_DAPO-Qwen-32B",
  "model2_name": "openai_gpt-oss-20b",
  "task_scores": {
    "cause_and_effect": 0.6471071720123291,
    "larger_animal": 0.6280445694923401,
    "num_to_verbal": 0.5933154463768006,
    "orthography_starts_with": 0.7379140257835388,
    "rhymes": 0.6566872954368591,
    "synonyms": 0.6655397057533264,
    "taxonomy_animal": 0.6546715259552002,
    "translation_en-fr": 0.6370999813079834,
    "reverse_from_middle": 0.638478410243988,
    "smallest_item_length": 0.6362145900726318,
    "smallest_even_no_sqrt": 0.6766576886177063,
    "most_vowel_return_consonant": 0.6733057141304016,
    "detect_rhyme_and_rewrite": 0.7048256754875183,
    "rank_by_protein": 0.6536167979240417,
    "multi_lang_to_english": 0.6357849895954132,
    "square_of_zodiac_animal": 0.7122406005859375,
    "alternate_synonym_antonym": 0.7251221895217895,
    "most_consonant_return_vowel": 0.6706439971923828,
    "least_unique_word_count": 0.69344921708107,
    "first_word_alphabetically_return_reverse": 0.7116563558578491
  },
  "average_bert_score": 0.6676187974214554
}