{
  "model1_name": "Qwen_QwQ-32B",
  "model2_name": "open-thoughts_OpenThinker-7B",
  "task_scores": {
    "cause_and_effect": 0.5834446430206299,
    "larger_animal": 0.5996975898742676,
    "num_to_verbal": 0.6737541675567627,
    "orthography_starts_with": 0.6439247608184815,
    "rhymes": 0.5977141261100769,
    "synonyms": 0.606542992591858,
    "taxonomy_animal": 0.6039227366447448,
    "translation_en-fr": 0.6315903186798095,
    "reverse_from_middle": 0.6157309055328369,
    "smallest_item_length": 0.6716868281364441,
    "smallest_even_no_sqrt": 0.647991144657135,
    "most_vowel_return_consonant": 0.5670322179794312,
    "detect_rhyme_and_rewrite": 0.6145994305610657,
    "rank_by_protein": 0.6474998116493225,
    "multi_lang_to_english": 0.6192339122295379,
    "square_of_zodiac_animal": 0.5963881492614747,
    "alternate_synonym_antonym": 0.6766016483306885,
    "most_consonant_return_vowel": 0.6612673401832581,
    "least_unique_word_count": 0.6715075016021729,
    "first_word_alphabetically_return_reverse": 0.5937357068061828
  },
  "average_bert_score": 0.6261932966113091
}