{
  "model1_name": "Qwen_QwQ-32B",
  "model2_name": "openai_gpt-oss-20b",
  "task_scores": {
    "cause_and_effect": 0.5413975954055786,
    "larger_animal": 0.5580790877342224,
    "num_to_verbal": 0.5991798520088196,
    "orthography_starts_with": 0.5886675357818604,
    "rhymes": 0.5411897420883178,
    "synonyms": 0.5472784101963043,
    "taxonomy_animal": 0.4937463104724884,
    "translation_en-fr": 0.5386465191841125,
    "reverse_from_middle": 0.5506470441818238,
    "smallest_item_length": 0.6009746789932251,
    "smallest_even_no_sqrt": 0.5313570380210877,
    "most_vowel_return_consonant": 0.6264069080352783,
    "detect_rhyme_and_rewrite": 0.5981189429759979,
    "rank_by_protein": 0.6197844386100769,
    "multi_lang_to_english": 0.6150263905525207,
    "square_of_zodiac_animal": 0.6412309348583222,
    "alternate_synonym_antonym": 0.6610610008239746,
    "most_consonant_return_vowel": 0.5510508418083191,
    "least_unique_word_count": 0.6205815136432647,
    "first_word_alphabetically_return_reverse": 0.7191140413284302
  },
  "average_bert_score": 0.5871769413352013
}