{
  "model1_name": "BytedTsinghua-SIA_DAPO-Qwen-32B",
  "model2_name": "openai_gpt-oss-20b",
  "task_scores": {
    "cause_and_effect": 0.5849171161651612,
    "larger_animal": 0.5312993228435516,
    "num_to_verbal": 0.5815787732601165,
    "orthography_starts_with": 0.5557385802268981,
    "rhymes": 0.5634430289268494,
    "synonyms": 0.5399316430091858,
    "taxonomy_animal": 0.5164543509483337,
    "translation_en-fr": 0.5313367426395417,
    "reverse_from_middle": 0.5603272795677186,
    "smallest_item_length": 0.5402386307716369,
    "smallest_even_no_sqrt": 0.49449155330657957,
    "most_vowel_return_consonant": 0.5499706506729126,
    "detect_rhyme_and_rewrite": 0.6209314703941345,
    "rank_by_protein": 0.5980849981307983,
    "multi_lang_to_english": 0.6052646160125732,
    "square_of_zodiac_animal": 0.5554298877716064,
    "alternate_synonym_antonym": 0.5918687283992767,
    "most_consonant_return_vowel": 0.5472249388694763,
    "least_unique_word_count": 0.5754801511764527,
    "first_word_alphabetically_return_reverse": 0.5739346146583557
  },
  "average_bert_score": 0.5608973538875579
}