{
  "model1_name": "openai_gpt-oss-20b",
  "model2_name": "open-thoughts_OpenThinker-7B",
  "task_scores": {
    "cause_and_effect": 0.61047865152359,
    "larger_animal": 0.5702514886856079,
    "num_to_verbal": 0.6156715631484986,
    "orthography_starts_with": 0.5542925715446472,
    "rhymes": 0.5011766433715821,
    "synonyms": 0.5066617012023926,
    "taxonomy_animal": 0.4933773517608643,
    "translation_en-fr": 0.5469711661338806,
    "reverse_from_middle": 0.5602911591529847,
    "smallest_item_length": 0.5969580352306366,
    "smallest_even_no_sqrt": 0.5133153200149536,
    "most_vowel_return_consonant": 0.5531963348388672,
    "detect_rhyme_and_rewrite": 0.6183061003684998,
    "rank_by_protein": 0.6076804399490356,
    "multi_lang_to_english": 0.6533479213714599,
    "square_of_zodiac_animal": 0.5262199580669403,
    "alternate_synonym_antonym": 0.6103836178779602,
    "most_consonant_return_vowel": 0.5577697992324829,
    "least_unique_word_count": 0.6113293051719666,
    "first_word_alphabetically_return_reverse": 0.5600596189498901
  },
  "average_bert_score": 0.568386937379837
}