{
  "model1_name": "nvidia_Nemotron-Research-Reasoning-Qwen-1.5B",
  "model2_name": "openai_gpt-oss-20b",
  "task_scores": {
    "cause_and_effect": 0.5617495894432067,
    "larger_animal": 0.49311625957489014,
    "num_to_verbal": 0.5138797014951706,
    "orthography_starts_with": 0.52715505361557,
    "rhymes": 0.5121240079402923,
    "synonyms": 0.5145949840545654,
    "taxonomy_animal": 0.4824870705604553,
    "translation_en-fr": 0.4851621091365814,
    "reverse_from_middle": 0.5378976106643677,
    "smallest_item_length": 0.5450533866882324,
    "smallest_even_no_sqrt": 0.5053549766540527,
    "most_vowel_return_consonant": 0.533948403596878,
    "detect_rhyme_and_rewrite": 0.5628560781478882,
    "rank_by_protein": 0.5442432522773742,
    "multi_lang_to_english": 0.5014946162700653,
    "square_of_zodiac_animal": 0.5364999413490296,
    "alternate_synonym_antonym": 0.5206713199615478,
    "most_consonant_return_vowel": 0.5512299358844757,
    "least_unique_word_count": 0.5395263969898224,
    "first_word_alphabetically_return_reverse": 0.5376410007476806
  },
  "average_bert_score": 0.5253342847526072
}