{
  "model1_name": "nvidia_Nemotron-Research-Reasoning-Qwen-1.5B",
  "model2_name": "Qwen_QwQ-32B",
  "task_scores": {
    "cause_and_effect": 0.6083903670310974,
    "larger_animal": 0.5939779698848724,
    "num_to_verbal": 0.6223888278007508,
    "orthography_starts_with": 0.5690470814704895,
    "rhymes": 0.6175809383392334,
    "synonyms": 0.5484088003635407,
    "taxonomy_animal": 0.5726158618927002,
    "translation_en-fr": 0.5898853957653045,
    "reverse_from_middle": 0.6205303907394409,
    "smallest_item_length": 0.5734536170959472,
    "smallest_even_no_sqrt": 0.725038206577301,
    "most_vowel_return_consonant": 0.569339120388031,
    "detect_rhyme_and_rewrite": 0.6189299345016479,
    "rank_by_protein": 0.6009583234786987,
    "multi_lang_to_english": 0.5218221843242645,
    "square_of_zodiac_animal": 0.5718027472496032,
    "alternate_synonym_antonym": 0.5522769570350647,
    "most_consonant_return_vowel": 0.5914128541946411,
    "least_unique_word_count": 0.565721046924591,
    "first_word_alphabetically_return_reverse": 0.5729963541030884
  },
  "average_bert_score": 0.5903288489580154
}