{
  "model1_name": "BytedTsinghua-SIA_DAPO-Qwen-32B",
  "model2_name": "nvidia_Nemotron-Research-Reasoning-Qwen-1.5B",
  "task_scores": {
    "cause_and_effect": 0.6029113531112671,
    "larger_animal": 0.6635560274124146,
    "num_to_verbal": 0.6176374077796936,
    "orthography_starts_with": 0.5806452870368958,
    "rhymes": 0.6211275696754456,
    "synonyms": 0.6135256886482239,
    "taxonomy_animal": 0.6049454212188721,
    "translation_en-fr": 0.6270622968673706,
    "reverse_from_middle": 0.6230173468589782,
    "smallest_item_length": 0.6073095083236695,
    "smallest_even_no_sqrt": 0.6628580093383789,
    "most_vowel_return_consonant": 0.6075194239616394,
    "detect_rhyme_and_rewrite": 0.5648681044578552,
    "rank_by_protein": 0.6347904443740845,
    "multi_lang_to_english": 0.5281916975975036,
    "square_of_zodiac_animal": 0.6463091254234314,
    "alternate_synonym_antonym": 0.5735572457313538,
    "most_consonant_return_vowel": 0.6010591745376587,
    "least_unique_word_count": 0.6179648280143738,
    "first_word_alphabetically_return_reverse": 0.6353958368301391
  },
  "average_bert_score": 0.6117125898599625
}