{
  "model1_name": "BytedTsinghua-SIA_DAPO-Qwen-32B",
  "model2_name": "Qwen_QwQ-32B",
  "task_scores": {
    "cause_and_effect": 0.6049784541130065,
    "larger_animal": 0.5905684173107147,
    "num_to_verbal": 0.6360947012901306,
    "orthography_starts_with": 0.6000173449516296,
    "rhymes": 0.6108580231666565,
    "synonyms": 0.56793292760849,
    "taxonomy_animal": 0.5869480490684509,
    "translation_en-fr": 0.6938203811645508,
    "reverse_from_middle": 0.6441126585006713,
    "smallest_item_length": 0.6065980315208435,
    "smallest_even_no_sqrt": 0.6238704800605774,
    "most_vowel_return_consonant": 0.5695180416107177,
    "detect_rhyme_and_rewrite": 0.6226665735244751,
    "rank_by_protein": 0.652426815032959,
    "multi_lang_to_english": 0.6025463938713074,
    "square_of_zodiac_animal": 0.5944255232810974,
    "alternate_synonym_antonym": 0.6362327873706818,
    "most_consonant_return_vowel": 0.6283994317054749,
    "least_unique_word_count": 0.6014912486076355,
    "first_word_alphabetically_return_reverse": 0.6088476419448853
  },
  "average_bert_score": 0.6141176962852477
}