{
  "model1_name": "BytedTsinghua-SIA_DAPO-Qwen-32B",
  "model2_name": "open-thoughts_OpenThinker-7B",
  "task_scores": {
    "cause_and_effect": 0.5934681057929992,
    "larger_animal": 0.6063770651817322,
    "num_to_verbal": 0.6154136419296264,
    "orthography_starts_with": 0.6691848635673523,
    "rhymes": 0.5623725891113281,
    "synonyms": 0.5894899129867553,
    "taxonomy_animal": 0.6583783030509949,
    "translation_en-fr": 0.6524988889694214,
    "reverse_from_middle": 0.6703308939933776,
    "smallest_item_length": 0.6544182538986206,
    "smallest_even_no_sqrt": 0.625217854976654,
    "most_vowel_return_consonant": 0.6499338507652282,
    "detect_rhyme_and_rewrite": 0.6439489245414733,
    "rank_by_protein": 0.7229541897773742,
    "multi_lang_to_english": 0.5931800246238709,
    "square_of_zodiac_animal": 0.6376412153244019,
    "alternate_synonym_antonym": 0.6596372723579407,
    "most_consonant_return_vowel": 0.6854180216789245,
    "least_unique_word_count": 0.6359624028205871,
    "first_word_alphabetically_return_reverse": 0.6673117280006409
  },
  "average_bert_score": 0.6396569001674652
}