{
  "model1_name": "nvidia_Nemotron-Research-Reasoning-Qwen-1.5B",
  "model2_name": "open-thoughts_OpenThinker-7B",
  "task_scores": {
    "cause_and_effect": 0.6104658365249633,
    "larger_animal": 0.5410579442977905,
    "num_to_verbal": 0.5445898532867431,
    "orthography_starts_with": 0.6008142232894897,
    "rhymes": 0.6275020003318786,
    "synonyms": 0.5821787297725678,
    "taxonomy_animal": 0.5881990313529968,
    "translation_en-fr": 0.5647952914237976,
    "reverse_from_middle": 0.5994816422462463,
    "smallest_item_length": 0.5888659477233886,
    "smallest_even_no_sqrt": 0.6706840515136718,
    "most_vowel_return_consonant": 0.658754289150238,
    "detect_rhyme_and_rewrite": 0.6356989145278931,
    "rank_by_protein": 0.6117234587669372,
    "multi_lang_to_english": 0.5181256353855133,
    "square_of_zodiac_animal": 0.7324946165084839,
    "alternate_synonym_antonym": 0.5681353211402893,
    "most_consonant_return_vowel": 0.5904930830001831,
    "least_unique_word_count": 0.6227809429168701,
    "first_word_alphabetically_return_reverse": 0.639429771900177
  },
  "average_bert_score": 0.604813529253006
}