{
  "model1_name": "nvidia_Nemotron-Research-Reasoning-Qwen-1.5B",
  "model2_name": "Qwen_QwQ-32B",
  "task_scores": {
    "cause_and_effect": 0.5652266144752502,
    "larger_animal": 0.6287639260292053,
    "num_to_verbal": 0.6153820633888245,
    "orthography_starts_with": 0.5544879823923111,
    "rhymes": 0.5620764911174774,
    "synonyms": 0.5732029914855957,
    "taxonomy_animal": 0.5442634433507919,
    "translation_en-fr": 0.6115593612194061,
    "reverse_from_middle": 0.6314010262489319,
    "smallest_item_length": 0.6670361280441284,
    "smallest_even_no_sqrt": 0.5959552645683288,
    "most_vowel_return_consonant": 0.6989222168922424,
    "detect_rhyme_and_rewrite": 0.5597717940807343,
    "rank_by_protein": 0.6439047396183014,
    "multi_lang_to_english": 0.5055138945579529,
    "square_of_zodiac_animal": 0.6396340131759644,
    "alternate_synonym_antonym": 0.5818348348140716,
    "most_consonant_return_vowel": 0.6294978797435761,
    "least_unique_word_count": 0.675403606891632,
    "first_word_alphabetically_return_reverse": 0.6562266826629639
  },
  "average_bert_score": 0.6070032477378844
}