{
  "model1_name": "nvidia_Nemotron-Research-Reasoning-Qwen-1.5B",
  "model2_name": "open-thoughts_OpenThinker-7B",
  "task_scores": {
    "cause_and_effect": 0.6017175316810608,
    "larger_animal": 0.6301203846931458,
    "num_to_verbal": 0.62421635389328,
    "orthography_starts_with": 0.5822004497051239,
    "rhymes": 0.57049081325531,
    "synonyms": 0.5853376746177673,
    "taxonomy_animal": 0.5652349054813385,
    "translation_en-fr": 0.6200374364852905,
    "reverse_from_middle": 0.6150347471237183,
    "smallest_item_length": 0.7337470412254333,
    "smallest_even_no_sqrt": 0.5897220849990845,
    "most_vowel_return_consonant": 0.6689967513084412,
    "detect_rhyme_and_rewrite": 0.5597192406654358,
    "rank_by_protein": 0.6863514661788941,
    "multi_lang_to_english": 0.5198043704032898,
    "square_of_zodiac_animal": 0.6801305651664734,
    "alternate_synonym_antonym": 0.5919669568538666,
    "most_consonant_return_vowel": 0.6290040373802185,
    "least_unique_word_count": 0.6768528699874878,
    "first_word_alphabetically_return_reverse": 0.6578593254089355
  },
  "average_bert_score": 0.6194272503256797
}