{
  "model1_name": "BytedTsinghua-SIA_DAPO-Qwen-32B",
  "model2_name": "Qwen_QwQ-32B",
  "task_scores": {
    "cause_and_effect": 0.624340894818306,
    "larger_animal": 0.7290847420692443,
    "num_to_verbal": 0.6546457171440124,
    "orthography_starts_with": 0.6263820737600326,
    "rhymes": 0.6303732752799988,
    "synonyms": 0.6263325691223145,
    "taxonomy_animal": 0.5652402162551879,
    "translation_en-fr": 0.6634654879570008,
    "reverse_from_middle": 0.6428164720535279,
    "smallest_item_length": 0.6610484480857849,
    "smallest_even_no_sqrt": 0.6001404106616974,
    "most_vowel_return_consonant": 0.671914541721344,
    "detect_rhyme_and_rewrite": 0.7048444032669068,
    "rank_by_protein": 0.6543055325746536,
    "multi_lang_to_english": 0.5533376216888428,
    "square_of_zodiac_animal": 0.6959868609905243,
    "alternate_synonym_antonym": 0.6892571330070496,
    "most_consonant_return_vowel": 0.6178522765636444,
    "least_unique_word_count": 0.6762166738510131,
    "first_word_alphabetically_return_reverse": 0.7088850498199463
  },
  "average_bert_score": 0.6498235200345516
}