{
  "model1_name": "BytedTsinghua-SIA_DAPO-Qwen-32B",
  "model2_name": "nvidia_Nemotron-Research-Reasoning-Qwen-1.5B",
  "task_scores": {
    "cause_and_effect": 0.6102320671081543,
    "larger_animal": 0.6564995884895325,
    "num_to_verbal": 0.5986106634140015,
    "orthography_starts_with": 0.5700616359710693,
    "rhymes": 0.5552138805389404,
    "synonyms": 0.5980906128883362,
    "taxonomy_animal": 0.6480541348457336,
    "translation_en-fr": 0.6072539627552033,
    "reverse_from_middle": 0.613525140285492,
    "smallest_item_length": 0.6288706302642822,
    "smallest_even_no_sqrt": 0.6037149429321289,
    "most_vowel_return_consonant": 0.64106205701828,
    "detect_rhyme_and_rewrite": 0.5858868956565857,
    "rank_by_protein": 0.6633567094802857,
    "multi_lang_to_english": 0.5145970821380615,
    "square_of_zodiac_animal": 0.6607529997825623,
    "alternate_synonym_antonym": 0.5843082308769226,
    "most_consonant_return_vowel": 0.6310958385467529,
    "least_unique_word_count": 0.6430301070213318,
    "first_word_alphabetically_return_reverse": 0.6468922615051269
  },
  "average_bert_score": 0.6130554720759391
}