{
  "model1_name": "BytedTsinghua-SIA_DAPO-Qwen-32B",
  "model2_name": "openai_gpt-oss-20b",
  "task_scores": {
    "cause_and_effect": 0.7166276514530182,
    "larger_animal": 0.6792003870010376,
    "num_to_verbal": 0.5630223751068115,
    "orthography_starts_with": 0.652346384525299,
    "rhymes": 0.605400151014328,
    "synonyms": 0.6415312886238098,
    "taxonomy_animal": 0.6203011512756348,
    "translation_en-fr": 0.652000081539154,
    "reverse_from_middle": 0.6859702706336975,
    "smallest_item_length": 0.6707920670509339,
    "smallest_even_no_sqrt": 0.6292428374290466,
    "most_vowel_return_consonant": 0.6649320960044861,
    "detect_rhyme_and_rewrite": 0.7229491353034974,
    "rank_by_protein": 0.7046727657318115,
    "multi_lang_to_english": 0.6142260730266571,
    "square_of_zodiac_animal": 0.7270753860473633,
    "alternate_synonym_antonym": 0.6538453459739685,
    "most_consonant_return_vowel": 0.6582825899124145,
    "least_unique_word_count": 0.6631919264793396,
    "first_word_alphabetically_return_reverse": 0.6598827123641968
  },
  "average_bert_score": 0.6592746338248252
}