{
  "model1_name": "Qwen_QwQ-32B",
  "model2_name": "open-thoughts_OpenThinker-7B",
  "task_scores": {
    "cause_and_effect": 0.6005983293056488,
    "larger_animal": 0.6549918174743652,
    "num_to_verbal": 0.6851187944412231,
    "orthography_starts_with": 0.6347056269645691,
    "rhymes": 0.6587714910507202,
    "synonyms": 0.6235289931297302,
    "taxonomy_animal": 0.5493149518966675,
    "translation_en-fr": 0.6678383469581604,
    "reverse_from_middle": 0.6272834420204163,
    "smallest_item_length": 0.6585714817047119,
    "smallest_even_no_sqrt": 0.6663444578647614,
    "most_vowel_return_consonant": 0.6557913303375245,
    "detect_rhyme_and_rewrite": 0.7267225623130799,
    "rank_by_protein": 0.653465723991394,
    "multi_lang_to_english": 0.5708263695240021,
    "square_of_zodiac_animal": 0.6840247273445129,
    "alternate_synonym_antonym": 0.6488519906997681,
    "most_consonant_return_vowel": 0.5855178356170654,
    "least_unique_word_count": 0.6941788673400879,
    "first_word_alphabetically_return_reverse": 0.6569404363632202
  },
  "average_bert_score": 0.6451693788170815
}