{
  "model1_name": "Qwen_QwQ-32B",
  "model2_name": "openai_gpt-oss-20b",
  "task_scores": {
    "cause_and_effect": 0.625758045911789,
    "larger_animal": 0.7002840638160706,
    "num_to_verbal": 0.6442728757858276,
    "orthography_starts_with": 0.6472548127174378,
    "rhymes": 0.6399696826934814,
    "synonyms": 0.6611521422863007,
    "taxonomy_animal": 0.592481940984726,
    "translation_en-fr": 0.6651404559612274,
    "reverse_from_middle": 0.6892188429832459,
    "smallest_item_length": 0.6844036221504212,
    "smallest_even_no_sqrt": 0.6612268388271332,
    "most_vowel_return_consonant": 0.6409928917884826,
    "detect_rhyme_and_rewrite": 0.7107569575309753,
    "rank_by_protein": 0.6179418563842773,
    "multi_lang_to_english": 0.6181431353092194,
    "square_of_zodiac_animal": 0.7030610680580139,
    "alternate_synonym_antonym": 0.6633186578750611,
    "most_consonant_return_vowel": 0.5953931689262391,
    "least_unique_word_count": 0.6565643191337586,
    "first_word_alphabetically_return_reverse": 0.6311492621898651
  },
  "average_bert_score": 0.6524242320656778
}