{
  "model1_name": "openai_gpt-oss-20b",
  "model2_name": "open-thoughts_OpenThinker-7B",
  "task_scores": {
    "cause_and_effect": 0.6977934241294861,
    "larger_animal": 0.6510147631168366,
    "num_to_verbal": 0.627521938085556,
    "orthography_starts_with": 0.6704724311828614,
    "rhymes": 0.6727112889289856,
    "synonyms": 0.6392140507698059,
    "taxonomy_animal": 0.5798105835914612,
    "translation_en-fr": 0.6641753911972046,
    "reverse_from_middle": 0.6625859141349792,
    "smallest_item_length": 0.6546999096870423,
    "smallest_even_no_sqrt": 0.6570407271385192,
    "most_vowel_return_consonant": 0.6454079151153564,
    "detect_rhyme_and_rewrite": 0.7363915562629699,
    "rank_by_protein": 0.6917609691619873,
    "multi_lang_to_english": 0.6437188029289246,
    "square_of_zodiac_animal": 0.7484457731246948,
    "alternate_synonym_antonym": 0.6099183678627014,
    "most_consonant_return_vowel": 0.6469064235687256,
    "least_unique_word_count": 0.6801632761955261,
    "first_word_alphabetically_return_reverse": 0.6020180821418762
  },
  "average_bert_score": 0.659088579416275
}