{
  "model1_name": "BytedTsinghua-SIA_DAPO-Qwen-32B",
  "model2_name": "open-thoughts_OpenThinker-7B",
  "task_scores": {
    "cause_and_effect": 0.6842711687088012,
    "larger_animal": 0.6476946592330932,
    "num_to_verbal": 0.6010951519012451,
    "orthography_starts_with": 0.685017716884613,
    "rhymes": 0.6558469772338867,
    "synonyms": 0.664743959903717,
    "taxonomy_animal": 0.5669253826141357,
    "translation_en-fr": 0.75044105052948,
    "reverse_from_middle": 0.6640323042869568,
    "smallest_item_length": 0.6225534915924072,
    "smallest_even_no_sqrt": 0.6267947196960449,
    "most_vowel_return_consonant": 0.649308705329895,
    "detect_rhyme_and_rewrite": 0.7169756650924682,
    "rank_by_protein": 0.6828744888305665,
    "multi_lang_to_english": 0.6073720872402191,
    "square_of_zodiac_animal": 0.6971959114074707,
    "alternate_synonym_antonym": 0.6420098423957825,
    "most_consonant_return_vowel": 0.6336840748786926,
    "least_unique_word_count": 0.6930670738220215,
    "first_word_alphabetically_return_reverse": 0.6575062990188598
  },
  "average_bert_score": 0.6574705365300179
}