{
  "model1_name": "nvidia_Nemotron-Research-Reasoning-Qwen-1.5B",
  "model2_name": "openai_gpt-oss-20b",
  "task_scores": {
    "cause_and_effect": 0.6044060826301575,
    "larger_animal": 0.5960387170314789,
    "num_to_verbal": 0.5886875271797181,
    "orthography_starts_with": 0.5659937620162964,
    "rhymes": 0.5585679352283478,
    "synonyms": 0.5795495748519898,
    "taxonomy_animal": 0.5923839092254639,
    "translation_en-fr": 0.6108328819274902,
    "reverse_from_middle": 0.5960402488708496,
    "smallest_item_length": 0.6317441940307618,
    "smallest_even_no_sqrt": 0.6021077513694764,
    "most_vowel_return_consonant": 0.6395734548568726,
    "detect_rhyme_and_rewrite": 0.5507188558578491,
    "rank_by_protein": 0.6339737296104431,
    "multi_lang_to_english": 0.5528589129447937,
    "square_of_zodiac_animal": 0.6756165027618408,
    "alternate_synonym_antonym": 0.564292061328888,
    "most_consonant_return_vowel": 0.6045964241027832,
    "least_unique_word_count": 0.6382808208465576,
    "first_word_alphabetically_return_reverse": 0.645221209526062
  },
  "average_bert_score": 0.6015742278099061
}