{
  "model1_name": "BytedTsinghua-SIA_DAPO-Qwen-32B",
  "model2_name": "openai_gpt-oss-20b",
  "task_scores": {
    "cause_and_effect": 0.4978309392929077,
    "larger_animal": 0.4473383367061615,
    "num_to_verbal": 0.4460512548685074,
    "orthography_starts_with": 0.4660350620746613,
    "rhymes": 0.4174873411655426,
    "synonyms": 0.46832016110420227,
    "taxonomy_animal": 0.43927119076251986,
    "translation_en-fr": 0.472600531578064,
    "reverse_from_middle": 0.457353675365448,
    "smallest_item_length": 0.46807864904403684,
    "smallest_even_no_sqrt": 0.4882758527994156,
    "most_vowel_return_consonant": 0.4150676131248474,
    "detect_rhyme_and_rewrite": 0.5103902578353882,
    "rank_by_protein": 0.4380359768867493,
    "multi_lang_to_english": 0.4901080548763275,
    "square_of_zodiac_animal": 0.4764092266559601,
    "alternate_synonym_antonym": 0.5158279776573181,
    "most_consonant_return_vowel": 0.41656494140625,
    "least_unique_word_count": 0.4603923141956329,
    "first_word_alphabetically_return_reverse": 0.4732693791389465
  },
  "average_bert_score": 0.46323543682694435
}