{
  "model1_name": "openai_gpt-oss-20b",
  "model2_name": "open-thoughts_OpenThinker-7B",
  "task_scores": {
    "cause_and_effect": 0.507082325220108,
    "larger_animal": 0.45078871846199037,
    "num_to_verbal": 0.467932990193367,
    "orthography_starts_with": 0.4403802752494812,
    "rhymes": 0.44738473892211916,
    "synonyms": 0.4778949499130249,
    "taxonomy_animal": 0.4220343083143234,
    "translation_en-fr": 0.49555854201316835,
    "reverse_from_middle": 0.49804271161556246,
    "smallest_item_length": 0.4947232842445374,
    "smallest_even_no_sqrt": 0.5192264139652252,
    "most_vowel_return_consonant": 0.4366269111633301,
    "detect_rhyme_and_rewrite": 0.529479518532753,
    "rank_by_protein": 0.48219163417816163,
    "multi_lang_to_english": 0.5242570459842681,
    "square_of_zodiac_animal": 0.4659480720758438,
    "alternate_synonym_antonym": 0.5208750426769256,
    "most_consonant_return_vowel": 0.43223321437835693,
    "least_unique_word_count": 0.49434211254119875,
    "first_word_alphabetically_return_reverse": 0.4627052515745163
  },
  "average_bert_score": 0.47848540306091303
}