{
  "model1_name": "Qwen_QwQ-32B",
  "model2_name": "open-thoughts_OpenThinker-7B",
  "task_scores": {
    "cause_and_effect": 0.6170711278915405,
    "larger_animal": 0.552660220861435,
    "num_to_verbal": 0.5673307597637176,
    "orthography_starts_with": 0.6054244756698608,
    "rhymes": 0.6136717796325684,
    "synonyms": 0.5984688937664032,
    "taxonomy_animal": 0.5327951967716217,
    "translation_en-fr": 0.5956624686717987,
    "reverse_from_middle": 0.6039445042610169,
    "smallest_item_length": 0.6215582549571991,
    "smallest_even_no_sqrt": 0.5671839833259582,
    "most_vowel_return_consonant": 0.5813513219356536,
    "detect_rhyme_and_rewrite": 0.5927115082740784,
    "rank_by_protein": 0.4323673784732819,
    "multi_lang_to_english": 0.6089424014091491,
    "square_of_zodiac_animal": 0.36971909999847413,
    "alternate_synonym_antonym": 0.5697432100772858,
    "most_consonant_return_vowel": 0.5745683670043945,
    "least_unique_word_count": 0.643110728263855,
    "first_word_alphabetically_return_reverse": 0.6194071173667908
  },
  "average_bert_score": 0.5733846399188042
}