{
  "model1_name": "BytedTsinghua-SIA_DAPO-Qwen-32B",
  "model2_name": "nvidia_Nemotron-Research-Reasoning-Qwen-1.5B",
  "task_scores": {
    "cause_and_effect": 0.5365029573440552,
    "larger_animal": 0.5414544224739075,
    "num_to_verbal": 0.546631920337677,
    "orthography_starts_with": 0.530795568227768,
    "rhymes": 0.4991610646247864,
    "synonyms": 0.532935380935669,
    "taxonomy_animal": 0.5352609395980835,
    "translation_en-fr": 0.49564881920814513,
    "reverse_from_middle": 0.5468554019927978,
    "smallest_item_length": 0.6029740691184997,
    "smallest_even_no_sqrt": 0.5694949388504028,
    "most_vowel_return_consonant": 0.5982611060142518,
    "detect_rhyme_and_rewrite": 0.5162318170070648,
    "rank_by_protein": 0.4804867386817932,
    "multi_lang_to_english": 0.4880205452442169,
    "square_of_zodiac_animal": 0.6042782545089722,
    "alternate_synonym_antonym": 0.533189308643341,
    "most_consonant_return_vowel": 0.5732338666915894,
    "least_unique_word_count": 0.570884644985199,
    "first_word_alphabetically_return_reverse": 0.5344511866569519
  },
  "average_bert_score": 0.5418376475572586
}