{
  "model1_name": "nvidia_Nemotron-Research-Reasoning-Qwen-1.5B",
  "model2_name": "open-thoughts_OpenThinker-7B",
  "task_scores": {
    "cause_and_effect": 0.5497229099273682,
    "larger_animal": 0.5060416877269744,
    "num_to_verbal": 0.581246840953827,
    "orthography_starts_with": 0.5419825315475464,
    "rhymes": 0.5815797209739685,
    "synonyms": 0.5904253005981446,
    "taxonomy_animal": 0.54551922082901,
    "translation_en-fr": 0.5773843646049499,
    "reverse_from_middle": 0.5532578110694886,
    "smallest_item_length": 0.6021687865257264,
    "smallest_even_no_sqrt": 0.6059765100479126,
    "most_vowel_return_consonant": 0.5972221493721008,
    "detect_rhyme_and_rewrite": 0.5538382887840271,
    "rank_by_protein": 0.5814260482788086,
    "multi_lang_to_english": 0.5061356008052826,
    "square_of_zodiac_animal": 0.6045321464538574,
    "alternate_synonym_antonym": 0.5246439874172211,
    "most_consonant_return_vowel": 0.6088130950927735,
    "least_unique_word_count": 0.6530226588249206,
    "first_word_alphabetically_return_reverse": 0.5380310773849487
  },
  "average_bert_score": 0.5701485368609428
}