{
  "model1_name": "BytedTsinghua-SIA_DAPO-Qwen-32B",
  "model2_name": "Qwen_QwQ-32B",
  "task_scores": {
    "cause_and_effect": 0.5739605665206909,
    "larger_animal": 0.5221315324306488,
    "num_to_verbal": 0.6141995072364808,
    "orthography_starts_with": 0.5988077282905578,
    "rhymes": 0.591887605190277,
    "synonyms": 0.5568113803863526,
    "taxonomy_animal": 0.5296528071165085,
    "translation_en-fr": 0.5776656270027161,
    "reverse_from_middle": 0.530099692940712,
    "smallest_item_length": 0.6098263025283813,
    "smallest_even_no_sqrt": 0.5421924114227294,
    "most_vowel_return_consonant": 0.6100681602954865,
    "detect_rhyme_and_rewrite": 0.6386971831321716,
    "rank_by_protein": 0.49231873750686644,
    "multi_lang_to_english": 0.5292178153991699,
    "square_of_zodiac_animal": 0.36074399948120117,
    "alternate_synonym_antonym": 0.615114837884903,
    "most_consonant_return_vowel": 0.5653008222579956,
    "least_unique_word_count": 0.5663043677806854,
    "first_word_alphabetically_return_reverse": 0.5937279105186463
  },
  "average_bert_score": 0.5609364497661591
}