{
  "model1_name": "nvidia_Nemotron-Research-Reasoning-Qwen-1.5B",
  "model2_name": "Qwen_QwQ-32B",
  "task_scores": {
    "cause_and_effect": 0.539687591791153,
    "larger_animal": 0.5393318235874176,
    "num_to_verbal": 0.5298567533493042,
    "orthography_starts_with": 0.5146118640899658,
    "rhymes": 0.5241511225700378,
    "synonyms": 0.5701228201389312,
    "taxonomy_animal": 0.49945478439331054,
    "translation_en-fr": 0.5310683250427246,
    "reverse_from_middle": 0.5767276227474213,
    "smallest_item_length": 0.5990434557199478,
    "smallest_even_no_sqrt": 0.5446408659219741,
    "most_vowel_return_consonant": 0.5694946855306625,
    "detect_rhyme_and_rewrite": 0.5416373252868653,
    "rank_by_protein": 0.4202036678791046,
    "multi_lang_to_english": 0.4939699649810791,
    "square_of_zodiac_animal": 0.3494665861129761,
    "alternate_synonym_antonym": 0.5636320948600769,
    "most_consonant_return_vowel": 0.5363646864891052,
    "least_unique_word_count": 0.6022297859191894,
    "first_word_alphabetically_return_reverse": 0.5456818699836731
  },
  "average_bert_score": 0.529568884819746
}