{
  "model1_name": "nvidia_Nemotron-Research-Reasoning-Qwen-1.5B",
  "model2_name": "openai_gpt-oss-20b",
  "task_scores": {
    "cause_and_effect": 0.497907942533493,
    "larger_animal": 0.4673401892185211,
    "num_to_verbal": 0.436957186460495,
    "orthography_starts_with": 0.4241956412792206,
    "rhymes": 0.44416810274124147,
    "synonyms": 0.48851383328437803,
    "taxonomy_animal": 0.43302376866340636,
    "translation_en-fr": 0.4980193734169006,
    "reverse_from_middle": 0.47511944770812986,
    "smallest_item_length": 0.4769844114780426,
    "smallest_even_no_sqrt": 0.4969107687473297,
    "most_vowel_return_consonant": 0.42879087328910825,
    "detect_rhyme_and_rewrite": 0.48095348477363586,
    "rank_by_protein": 0.48196361064910886,
    "multi_lang_to_english": 0.4755385905504227,
    "square_of_zodiac_animal": 0.4660866618156433,
    "alternate_synonym_antonym": 0.5335027933120727,
    "most_consonant_return_vowel": 0.41204223334789275,
    "least_unique_word_count": 0.4828961670398712,
    "first_word_alphabetically_return_reverse": 0.451358836889267
  },
  "average_bert_score": 0.46761369585990903
}