{
  "model1_name": "BytedTsinghua-SIA_DAPO-Qwen-32B",
  "model2_name": "open-thoughts_OpenThinker-7B",
  "task_scores": {
    "cause_and_effect": 0.5861497640609741,
    "larger_animal": 0.5636350929737091,
    "num_to_verbal": 0.6085482180118561,
    "orthography_starts_with": 0.5785922050476074,
    "rhymes": 0.5553945541381836,
    "synonyms": 0.538263863325119,
    "taxonomy_animal": 0.5448744297027588,
    "translation_en-fr": 0.5730251729488373,
    "reverse_from_middle": 0.5726770639419556,
    "smallest_item_length": 0.6173195362091064,
    "smallest_even_no_sqrt": 0.5645439863204956,
    "most_vowel_return_consonant": 0.6161832571029663,
    "detect_rhyme_and_rewrite": 0.5926507353782654,
    "rank_by_protein": 0.5351254642009735,
    "multi_lang_to_english": 0.5155154168605804,
    "square_of_zodiac_animal": 0.6384122729301452,
    "alternate_synonym_antonym": 0.6096850454807281,
    "most_consonant_return_vowel": 0.6063559174537658,
    "least_unique_word_count": 0.5872238218784332,
    "first_word_alphabetically_return_reverse": 0.6192504167556763
  },
  "average_bert_score": 0.5811713117361068
}