{
  "model1_name": "Qwen_QwQ-32B",
  "model2_name": "openai_gpt-oss-20b",
  "task_scores": {
    "cause_and_effect": 0.5225989639759063,
    "larger_animal": 0.4858752429485321,
    "num_to_verbal": 0.43467060327529905,
    "orthography_starts_with": 0.43419718742370605,
    "rhymes": 0.4487256586551666,
    "synonyms": 0.45158960223197936,
    "taxonomy_animal": 0.43462697267532346,
    "translation_en-fr": 0.47009565234184264,
    "reverse_from_middle": 0.48590692281723025,
    "smallest_item_length": 0.4513305097818375,
    "smallest_even_no_sqrt": 0.47804808914661406,
    "most_vowel_return_consonant": 0.4143479734659195,
    "detect_rhyme_and_rewrite": 0.4910308301448822,
    "rank_by_protein": 0.3816112607717514,
    "multi_lang_to_english": 0.5449173629283905,
    "square_of_zodiac_animal": 0.2638312101364136,
    "alternate_synonym_antonym": 0.5257150411605835,
    "most_consonant_return_vowel": 0.41211930513381956,
    "least_unique_word_count": 0.5005310654640198,
    "first_word_alphabetically_return_reverse": 0.4794304609298706
  },
  "average_bert_score": 0.4555599957704544
}