{
  "model1_name": "BytedTsinghua-SIA_DAPO-Qwen-32B",
  "model2_name": "Qwen_QwQ-32B",
  "task_scores": {
    "cause_and_effect": 0.6504733443260193,
    "larger_animal": 0.6496856331825256,
    "num_to_verbal": 0.690171480178833,
    "orthography_starts_with": 0.7871174097061158,
    "rhymes": 0.6720537602901459,
    "synonyms": 0.5907285332679748,
    "taxonomy_animal": 0.5951227307319641,
    "translation_en-fr": 0.5677543640136719,
    "reverse_from_middle": 0.6616457939147949,
    "smallest_item_length": 0.6292401313781738,
    "smallest_even_no_sqrt": 0.6508118152618408,
    "most_vowel_return_consonant": 0.6327158093452454,
    "detect_rhyme_and_rewrite": 0.7993005156517029,
    "rank_by_protein": 0.6762343168258667,
    "multi_lang_to_english": 0.6498148560523986,
    "square_of_zodiac_animal": 0.6988953351974487,
    "alternate_synonym_antonym": 0.8387987375259399,
    "most_consonant_return_vowel": 0.6328989267349243,
    "least_unique_word_count": 0.6661837220191955,
    "first_word_alphabetically_return_reverse": 0.6466056823730468
  },
  "average_bert_score": 0.6693126448988914
}