{
  "model1_name": "nvidia_Nemotron-Research-Reasoning-Qwen-1.5B",
  "model2_name": "Qwen_QwQ-32B",
  "task_scores": {
    "cause_and_effect": 0.656339168548584,
    "larger_animal": 0.6017740368843079,
    "num_to_verbal": 0.817319369316101,
    "orthography_starts_with": 0.6887874484062195,
    "rhymes": 0.6073237419128418,
    "synonyms": 0.5636024057865143,
    "taxonomy_animal": 0.5775987803936005,
    "translation_en-fr": 0.5385248959064484,
    "reverse_from_middle": 0.5595716297626495,
    "smallest_item_length": 0.673591136932373,
    "smallest_even_no_sqrt": 0.6740585088729858,
    "most_vowel_return_consonant": 0.6405506014823914,
    "detect_rhyme_and_rewrite": 0.7364698648452759,
    "rank_by_protein": 0.6590672969818115,
    "multi_lang_to_english": 0.6406457602977753,
    "square_of_zodiac_animal": 0.6393781781196595,
    "alternate_synonym_antonym": 0.7496085286140441,
    "most_consonant_return_vowel": 0.6869083642959595,
    "least_unique_word_count": 0.6713640451431274,
    "first_word_alphabetically_return_reverse": 0.6335872054100037
  },
  "average_bert_score": 0.6508035483956337
}