{
  "model1_name": "Qwen_QwQ-32B",
  "model2_name": "open-thoughts_OpenThinker-7B",
  "task_scores": {
    "cause_and_effect": 0.7020845293998719,
    "larger_animal": 0.6116060495376587,
    "num_to_verbal": 0.885793137550354,
    "orthography_starts_with": 0.7606863379478455,
    "rhymes": 0.6287338256835937,
    "synonyms": 0.5522326827049255,
    "taxonomy_animal": 0.6416091322898865,
    "translation_en-fr": 0.6310906171798706,
    "reverse_from_middle": 0.5872730135917663,
    "smallest_item_length": 0.6588605403900146,
    "smallest_even_no_sqrt": 0.6127585053443909,
    "most_vowel_return_consonant": 0.5907034039497375,
    "detect_rhyme_and_rewrite": 0.8038439750671387,
    "rank_by_protein": 0.7179405689239502,
    "multi_lang_to_english": 0.7322911381721496,
    "square_of_zodiac_animal": 0.7109446287155151,
    "alternate_synonym_antonym": 0.8178744435310363,
    "most_consonant_return_vowel": 0.6401395320892334,
    "least_unique_word_count": 0.6973421216011048,
    "first_word_alphabetically_return_reverse": 0.6692580342292785
  },
  "average_bert_score": 0.6826533108949661
}