{
  "model1_name": "Qwen_QwQ-32B",
  "model2_name": "openai_gpt-oss-20b",
  "task_scores": {
    "cause_and_effect": 0.6864202499389649,
    "larger_animal": 0.6463766157627105,
    "num_to_verbal": 0.778912079334259,
    "orthography_starts_with": 0.7490354657173157,
    "rhymes": 0.6314984321594238,
    "synonyms": 0.6076650738716125,
    "taxonomy_animal": 0.6049152493476868,
    "translation_en-fr": 0.5968364775180817,
    "reverse_from_middle": 0.5990448951721191,
    "smallest_item_length": 0.5898486196994781,
    "smallest_even_no_sqrt": 0.608547818660736,
    "most_vowel_return_consonant": 0.6771575331687927,
    "detect_rhyme_and_rewrite": 0.6883792161941529,
    "rank_by_protein": 0.6297621369361878,
    "multi_lang_to_english": 0.645537543296814,
    "square_of_zodiac_animal": 0.6880858659744262,
    "alternate_synonym_antonym": 0.753243374824524,
    "most_consonant_return_vowel": 0.615198838710785,
    "least_unique_word_count": 0.63166424036026,
    "first_word_alphabetically_return_reverse": 0.6675890684127808
  },
  "average_bert_score": 0.6547859397530555
}