{
  "model1_name": "nvidia_Nemotron-Research-Reasoning-Qwen-1.5B",
  "model2_name": "open-thoughts_OpenThinker-7B",
  "task_scores": {
    "cause_and_effect": 0.608945369720459,
    "larger_animal": 0.6525153994560242,
    "num_to_verbal": 0.8492946267127991,
    "orthography_starts_with": 0.7254877984523773,
    "rhymes": 0.5862825512886047,
    "synonyms": 0.5100790679454803,
    "taxonomy_animal": 0.5941710948944092,
    "translation_en-fr": 0.5967144966125488,
    "reverse_from_middle": 0.6142118215560913,
    "smallest_item_length": 0.6548833608627319,
    "smallest_even_no_sqrt": 0.6084972739219665,
    "most_vowel_return_consonant": 0.6065348744392395,
    "detect_rhyme_and_rewrite": 0.7590029954910278,
    "rank_by_protein": 0.6371111512184143,
    "multi_lang_to_english": 0.6619433283805847,
    "square_of_zodiac_animal": 0.6571603894233704,
    "alternate_synonym_antonym": 0.799657154083252,
    "most_consonant_return_vowel": 0.6899058103561402,
    "least_unique_word_count": 0.6515016198158264,
    "first_word_alphabetically_return_reverse": 0.6553615093231201
  },
  "average_bert_score": 0.6559630846977235
}