{
  "model1_name": "BytedTsinghua-SIA_DAPO-Qwen-32B",
  "model2_name": "nvidia_Nemotron-Research-Reasoning-Qwen-1.5B",
  "task_scores": {
    "cause_and_effect": 0.6341701149940491,
    "larger_animal": 0.6286195874214172,
    "num_to_verbal": 0.7134072721004486,
    "orthography_starts_with": 0.7076243162155151,
    "rhymes": 0.6176907420158386,
    "synonyms": 0.5219455599784851,
    "taxonomy_animal": 0.5956180334091187,
    "translation_en-fr": 0.6097876071929932,
    "reverse_from_middle": 0.5962021350860596,
    "smallest_item_length": 0.6909480214118957,
    "smallest_even_no_sqrt": 0.6059610962867736,
    "most_vowel_return_consonant": 0.6104396462440491,
    "detect_rhyme_and_rewrite": 0.7295928359031677,
    "rank_by_protein": 0.6770344495773315,
    "multi_lang_to_english": 0.5941222250461579,
    "square_of_zodiac_animal": 0.6631994366645813,
    "alternate_synonym_antonym": 0.7708339333534241,
    "most_consonant_return_vowel": 0.6635668158531189,
    "least_unique_word_count": 0.6969194054603577,
    "first_word_alphabetically_return_reverse": 0.6569755434989929
  },
  "average_bert_score": 0.6492329388856889
}