{
  "model1_name": "BytedTsinghua-SIA_DAPO-Qwen-32B",
  "model2_name": "openai_gpt-oss-20b",
  "task_scores": {
    "cause_and_effect": 0.6819133162498474,
    "larger_animal": 0.6514925479888916,
    "num_to_verbal": 0.6515226244926453,
    "orthography_starts_with": 0.7609788060188294,
    "rhymes": 0.6569359421730041,
    "synonyms": 0.6386764526367188,
    "taxonomy_animal": 0.6525984644889832,
    "translation_en-fr": 0.5652929306030273,
    "reverse_from_middle": 0.6160493433475495,
    "smallest_item_length": 0.5917827486991882,
    "smallest_even_no_sqrt": 0.6283402800559997,
    "most_vowel_return_consonant": 0.6484947562217712,
    "detect_rhyme_and_rewrite": 0.672392076253891,
    "rank_by_protein": 0.6149336457252502,
    "multi_lang_to_english": 0.5630149722099305,
    "square_of_zodiac_animal": 0.690512764453888,
    "alternate_synonym_antonym": 0.7692372322082519,
    "most_consonant_return_vowel": 0.6112360835075379,
    "least_unique_word_count": 0.6274645805358887,
    "first_word_alphabetically_return_reverse": 0.7020230412483215
  },
  "average_bert_score": 0.6497446304559708
}