{
  "model1_name": "BytedTsinghua-SIA_DAPO-Qwen-32B",
  "model2_name": "open-thoughts_OpenThinker-7B",
  "task_scores": {
    "cause_and_effect": 0.6804435610771179,
    "larger_animal": 0.5954029560089111,
    "num_to_verbal": 0.7060822665691375,
    "orthography_starts_with": 0.7672616839408875,
    "rhymes": 0.6109908580780029,
    "synonyms": 0.6047554790973664,
    "taxonomy_animal": 0.5977697610855103,
    "translation_en-fr": 0.5664185166358948,
    "reverse_from_middle": 0.6045338869094848,
    "smallest_item_length": 0.6393741011619568,
    "smallest_even_no_sqrt": 0.6039013981819152,
    "most_vowel_return_consonant": 0.576933991909027,
    "detect_rhyme_and_rewrite": 0.7613600730895996,
    "rank_by_protein": 0.6754035711288452,
    "multi_lang_to_english": 0.6681585013866425,
    "square_of_zodiac_animal": 0.68350750207901,
    "alternate_synonym_antonym": 0.8138525128364563,
    "most_consonant_return_vowel": 0.5959113478660584,
    "least_unique_word_count": 0.6322605907917023,
    "first_word_alphabetically_return_reverse": 0.6304062843322754
  },
  "average_bert_score": 0.6507364422082901
}