{
  "model1_name": "nvidia_Nemotron-Research-Reasoning-Qwen-1.5B",
  "model2_name": "openai_gpt-oss-20b",
  "task_scores": {
    "cause_and_effect": 0.6187335252761841,
    "larger_animal": 0.6386106371879577,
    "num_to_verbal": 0.7374861538410187,
    "orthography_starts_with": 0.6398820340633392,
    "rhymes": 0.5882965683937073,
    "synonyms": 0.4984366774559021,
    "taxonomy_animal": 0.5909172296524048,
    "translation_en-fr": 0.5567712306976318,
    "reverse_from_middle": 0.5284968256950379,
    "smallest_item_length": 0.5805624961853028,
    "smallest_even_no_sqrt": 0.5556131601333618,
    "most_vowel_return_consonant": 0.6314826250076294,
    "detect_rhyme_and_rewrite": 0.6274911880493164,
    "rank_by_protein": 0.5795370757579803,
    "multi_lang_to_english": 0.6503486394882202,
    "square_of_zodiac_animal": 0.6323346138000489,
    "alternate_synonym_antonym": 0.6930524945259094,
    "most_consonant_return_vowel": 0.6270028710365295,
    "least_unique_word_count": 0.5921253085136413,
    "first_word_alphabetically_return_reverse": 0.6185013294219971
  },
  "average_bert_score": 0.6092841342091561
}