{
  "model1_name": "openai_gpt-oss-20b",
  "model2_name": "open-thoughts_OpenThinker-7B",
  "task_scores": {
    "cause_and_effect": 0.71232990026474,
    "larger_animal": 0.6693646788597107,
    "num_to_verbal": 0.7931191027164459,
    "orthography_starts_with": 0.766160249710083,
    "rhymes": 0.6648001909255982,
    "synonyms": 0.6041820585727692,
    "taxonomy_animal": 0.6604955434799195,
    "translation_en-fr": 0.6583145320415497,
    "reverse_from_middle": 0.5945146381855011,
    "smallest_item_length": 0.66812185049057,
    "smallest_even_no_sqrt": 0.6278819084167481,
    "most_vowel_return_consonant": 0.6116475820541382,
    "detect_rhyme_and_rewrite": 0.6788224279880524,
    "rank_by_protein": 0.6616178750991821,
    "multi_lang_to_english": 0.660102367401123,
    "square_of_zodiac_animal": 0.7206400632858276,
    "alternate_synonym_antonym": 0.7518566966056823,
    "most_consonant_return_vowel": 0.6797156929969788,
    "least_unique_word_count": 0.6542012691497803,
    "first_word_alphabetically_return_reverse": 0.6790932059288025
  },
  "average_bert_score": 0.6758490917086601
}