{
  "model1_name": "BytedTsinghua-SIA_DAPO-Qwen-32B",
  "model2_name": "nvidia_Nemotron-Research-Reasoning-Qwen-1.5B",
  "task_scores": {
    "cause_and_effect": 0.5319300353527069,
    "larger_animal": 0.5072334945201874,
    "num_to_verbal": 0.5538117110729217,
    "orthography_starts_with": 0.5386607408523559,
    "rhymes": 0.4762019395828247,
    "synonyms": 0.5151892185211182,
    "taxonomy_animal": 0.5171144425868988,
    "translation_en-fr": 0.5201284766197205,
    "reverse_from_middle": 0.5090055584907531,
    "smallest_item_length": 0.5467613220214844,
    "smallest_even_no_sqrt": 0.5391971468925476,
    "most_vowel_return_consonant": 0.5654111504554749,
    "detect_rhyme_and_rewrite": 0.5452761590480805,
    "rank_by_protein": 0.5259386897087097,
    "multi_lang_to_english": 0.4900082290172577,
    "square_of_zodiac_animal": 0.5512857437133789,
    "alternate_synonym_antonym": 0.5858314037322998,
    "most_consonant_return_vowel": 0.5937343776226044,
    "least_unique_word_count": 0.5540280938148499,
    "first_word_alphabetically_return_reverse": 0.5596575796604156
  },
  "average_bert_score": 0.5363202756643295
}