{
  "model1_name": "openai_gpt-oss-20b",
  "model2_name": "open-thoughts_OpenThinker-7B",
  "task_scores": {
    "cause_and_effect": 0.5556947350502014,
    "larger_animal": 0.5576305091381073,
    "num_to_verbal": 0.6287631809711456,
    "orthography_starts_with": 0.5765833139419556,
    "rhymes": 0.6400798559188843,
    "synonyms": 0.569894528388977,
    "taxonomy_animal": 0.5548413693904877,
    "translation_en-fr": 0.6140812158584594,
    "reverse_from_middle": 0.5792213439941406,
    "smallest_item_length": 0.6005281805992126,
    "smallest_even_no_sqrt": 0.5898185968399048,
    "most_vowel_return_consonant": 0.6045930206775665,
    "detect_rhyme_and_rewrite": 0.6254502058029174,
    "rank_by_protein": 0.5603108584880829,
    "multi_lang_to_english": 0.6033189445734024,
    "square_of_zodiac_animal": 0.6257909774780274,
    "alternate_synonym_antonym": 0.614950704574585,
    "most_consonant_return_vowel": 0.6185566902160644,
    "least_unique_word_count": 0.6387939810752868,
    "first_word_alphabetically_return_reverse": 0.5874727487564086
  },
  "average_bert_score": 0.5973187480866908
}