{
  "model1_name": "nvidia_Nemotron-Research-Reasoning-Qwen-1.5B",
  "model2_name": "openai_gpt-oss-20b",
  "task_scores": {
    "cause_and_effect": 0.4993818700313568,
    "larger_animal": 0.5243499934673309,
    "num_to_verbal": 0.5785277247428894,
    "orthography_starts_with": 0.5219195187091827,
    "rhymes": 0.5012410938739776,
    "synonyms": 0.5047048389911651,
    "taxonomy_animal": 0.5262058913707733,
    "translation_en-fr": 0.5228755593299865,
    "reverse_from_middle": 0.4946647047996521,
    "smallest_item_length": 0.5607085466384888,
    "smallest_even_no_sqrt": 0.5374606430530549,
    "most_vowel_return_consonant": 0.543633246421814,
    "detect_rhyme_and_rewrite": 0.5313138246536255,
    "rank_by_protein": 0.5098685145378112,
    "multi_lang_to_english": 0.47468027770519255,
    "square_of_zodiac_animal": 0.5428759098052979,
    "alternate_synonym_antonym": 0.5122073113918304,
    "most_consonant_return_vowel": 0.5340305685997009,
    "least_unique_word_count": 0.5751185536384582,
    "first_word_alphabetically_return_reverse": 0.534081780910492
  },
  "average_bert_score": 0.526492518633604
}