{
  "model1_name": "BytedTsinghua-SIA_DAPO-Qwen-32B",
  "model2_name": "openai_gpt-oss-20b",
  "task_scores": {
    "cause_and_effect": 0.5702572584152221,
    "larger_animal": 0.5653707385063171,
    "num_to_verbal": 0.5723994970321655,
    "orthography_starts_with": 0.5993213653564453,
    "rhymes": 0.5556990504264832,
    "synonyms": 0.555851936340332,
    "taxonomy_animal": 0.5659262776374817,
    "translation_en-fr": 0.6092238903045655,
    "reverse_from_middle": 0.5984704613685607,
    "smallest_item_length": 0.5916909575462341,
    "smallest_even_no_sqrt": 0.5783782243728638,
    "most_vowel_return_consonant": 0.6208572864532471,
    "detect_rhyme_and_rewrite": 0.6188737511634826,
    "rank_by_protein": 0.5685637176036835,
    "multi_lang_to_english": 0.5521259337663651,
    "square_of_zodiac_animal": 0.6061857640743256,
    "alternate_synonym_antonym": 0.6187976419925689,
    "most_consonant_return_vowel": 0.6040370464324951,
    "least_unique_word_count": 0.6290712833404541,
    "first_word_alphabetically_return_reverse": 0.6028080344200134
  },
  "average_bert_score": 0.5891955058276653
}