{
  "model1_name": "Qwen_QwQ-32B",
  "model2_name": "openai_gpt-oss-20b",
  "task_scores": {
    "cause_and_effect": 0.5633689165115356,
    "larger_animal": 0.5147921681404114,
    "num_to_verbal": 0.6734840869903564,
    "orthography_starts_with": 0.6099085152149201,
    "rhymes": 0.5617459177970886,
    "synonyms": 0.5112217664718628,
    "taxonomy_animal": 0.5350929200649261,
    "translation_en-fr": 0.5924084663391114,
    "reverse_from_middle": 0.5722509741783142,
    "smallest_item_length": 0.6039662718772888,
    "smallest_even_no_sqrt": 0.5900415658950806,
    "most_vowel_return_consonant": 0.5804766535758972,
    "detect_rhyme_and_rewrite": 0.6227362632751465,
    "rank_by_protein": 0.5625956654548645,
    "multi_lang_to_english": 0.6195521950721741,
    "square_of_zodiac_animal": 0.5823654055595398,
    "alternate_synonym_antonym": 0.6400303244590759,
    "most_consonant_return_vowel": 0.5997328996658325,
    "least_unique_word_count": 0.602333414554596,
    "first_word_alphabetically_return_reverse": 0.6114985346794128
  },
  "average_bert_score": 0.5874801462888718
}