{
  "model1_name": "BytedTsinghua-SIA_DAPO-Qwen-32B",
  "model2_name": "open-thoughts_OpenThinker-7B",
  "task_scores": {
    "cause_and_effect": 0.5762065052986145,
    "larger_animal": 0.5312625527381897,
    "num_to_verbal": 0.6111465036869049,
    "orthography_starts_with": 0.5674206852912903,
    "rhymes": 0.51135293841362,
    "synonyms": 0.5540367722511291,
    "taxonomy_animal": 0.5610846161842347,
    "translation_en-fr": 0.6012570858001709,
    "reverse_from_middle": 0.5847105264663697,
    "smallest_item_length": 0.5994685649871826,
    "smallest_even_no_sqrt": 0.5737473428249359,
    "most_vowel_return_consonant": 0.6569904327392578,
    "detect_rhyme_and_rewrite": 0.6602632880210877,
    "rank_by_protein": 0.5626227974891662,
    "multi_lang_to_english": 0.5470755994319916,
    "square_of_zodiac_animal": 0.5858716845512391,
    "alternate_synonym_antonym": 0.6293833971023559,
    "most_consonant_return_vowel": 0.5820093870162963,
    "least_unique_word_count": 0.5758764386177063,
    "first_word_alphabetically_return_reverse": 0.6080953001976013
  },
  "average_bert_score": 0.5839941209554671
}