{
  "model1_name": "nvidia_Nemotron-Research-Reasoning-Qwen-1.5B",
  "model2_name": "Qwen_QwQ-32B",
  "task_scores": {
    "cause_and_effect": 0.5165290594100952,
    "larger_animal": 0.5233814775943756,
    "num_to_verbal": 0.6023807168006897,
    "orthography_starts_with": 0.5574876189231872,
    "rhymes": 0.49931096434593203,
    "synonyms": 0.5057765394449234,
    "taxonomy_animal": 0.5001204550266266,
    "translation_en-fr": 0.5178674399852753,
    "reverse_from_middle": 0.497307026386261,
    "smallest_item_length": 0.5681031823158265,
    "smallest_even_no_sqrt": 0.5487180173397064,
    "most_vowel_return_consonant": 0.544543981552124,
    "detect_rhyme_and_rewrite": 0.535468053817749,
    "rank_by_protein": 0.5462572395801544,
    "multi_lang_to_english": 0.5230414628982544,
    "square_of_zodiac_animal": 0.5457086086273193,
    "alternate_synonym_antonym": 0.5266149163246154,
    "most_consonant_return_vowel": 0.5508436799049378,
    "least_unique_word_count": 0.5526394248008728,
    "first_word_alphabetically_return_reverse": 0.5275887787342072
  },
  "average_bert_score": 0.5344844321906567
}