{
  "model1_name": "BytedTsinghua-SIA_DAPO-Qwen-32B",
  "model2_name": "Qwen_QwQ-32B",
  "task_scores": {
    "cause_and_effect": 0.6103253722190857,
    "larger_animal": 0.5296146214008332,
    "num_to_verbal": 0.6387236654758454,
    "orthography_starts_with": 0.6152189135551452,
    "rhymes": 0.5257922410964966,
    "synonyms": 0.5275456309318542,
    "taxonomy_animal": 0.5452396094799041,
    "translation_en-fr": 0.5709883809089661,
    "reverse_from_middle": 0.5870128631591797,
    "smallest_item_length": 0.5855613231658936,
    "smallest_even_no_sqrt": 0.5832609415054322,
    "most_vowel_return_consonant": 0.6016691029071808,
    "detect_rhyme_and_rewrite": 0.679545271396637,
    "rank_by_protein": 0.6536563754081726,
    "multi_lang_to_english": 0.5574481427669525,
    "square_of_zodiac_animal": 0.5723896980285644,
    "alternate_synonym_antonym": 0.6442850768566132,
    "most_consonant_return_vowel": 0.5836551308631897,
    "least_unique_word_count": 0.5845806121826171,
    "first_word_alphabetically_return_reverse": 0.5870973348617554
  },
  "average_bert_score": 0.5891805154085159
}