{
  "model1_name": "nvidia_Nemotron-Research-Reasoning-Qwen-1.5B",
  "model2_name": "open-thoughts_OpenThinker-7B",
  "task_scores": {
    "cause_and_effect": 0.5235419631004333,
    "larger_animal": 0.5159337222576141,
    "num_to_verbal": 0.6222579300403595,
    "orthography_starts_with": 0.5727799952030181,
    "rhymes": 0.5144008517265319,
    "synonyms": 0.5271240949630738,
    "taxonomy_animal": 0.49434237480163573,
    "translation_en-fr": 0.5292077004909516,
    "reverse_from_middle": 0.5261647820472717,
    "smallest_item_length": 0.5732359051704407,
    "smallest_even_no_sqrt": 0.5183841645717621,
    "most_vowel_return_consonant": 0.5598117351531983,
    "detect_rhyme_and_rewrite": 0.5359209060668946,
    "rank_by_protein": 0.5264439880847931,
    "multi_lang_to_english": 0.5154935717582703,
    "square_of_zodiac_animal": 0.5465222239494324,
    "alternate_synonym_antonym": 0.5676045179367065,
    "most_consonant_return_vowel": 0.5586925506591797,
    "least_unique_word_count": 0.5772708654403687,
    "first_word_alphabetically_return_reverse": 0.5449588418006897
  },
  "average_bert_score": 0.5425046342611312
}