{
  "model1_name": "Qwen_QwQ-32B",
  "model2_name": "open-thoughts_OpenThinker-7B",
  "task_scores": {
    "cause_and_effect": 0.5865837693214416,
    "larger_animal": 0.5326816499233246,
    "num_to_verbal": 0.6361086785793304,
    "orthography_starts_with": 0.5889028668403625,
    "rhymes": 0.5698232412338257,
    "synonyms": 0.5218149483203888,
    "taxonomy_animal": 0.51693075299263,
    "translation_en-fr": 0.5839703679084778,
    "reverse_from_middle": 0.5583004951477051,
    "smallest_item_length": 0.5682203888893127,
    "smallest_even_no_sqrt": 0.5921153426170349,
    "most_vowel_return_consonant": 0.583882749080658,
    "detect_rhyme_and_rewrite": 0.6870079517364502,
    "rank_by_protein": 0.518193930387497,
    "multi_lang_to_english": 0.6308772146701813,
    "square_of_zodiac_animal": 0.6148999571800232,
    "alternate_synonym_antonym": 0.6193405628204346,
    "most_consonant_return_vowel": 0.573495090007782,
    "least_unique_word_count": 0.5913930773735047,
    "first_word_alphabetically_return_reverse": 0.5743436098098755
  },
  "average_bert_score": 0.5824443322420121
}