{
  "model1_name": "nvidia_Nemotron-Research-Reasoning-Qwen-1.5B",
  "model2_name": "openai_gpt-oss-20b",
  "task_scores": {
    "cause_and_effect": 0.29288529753685,
    "larger_animal": 0.7122053384780884,
    "num_to_verbal": 0.29882519543170927,
    "orthography_starts_with": 0.3223971724510193,
    "rhymes": 0.6088856101036072,
    "synonyms": 0.3631931960582733,
    "taxonomy_animal": 0.4374981939792633,
    "translation_en-fr": 0.304115429520607,
    "reverse_from_middle": 0.6268138408660888,
    "smallest_item_length": 0.6253550410270691,
    "smallest_even_no_sqrt": 0.6151227235794068,
    "most_vowel_return_consonant": 0.6023781657218933,
    "detect_rhyme_and_rewrite": 0.338971221446991,
    "rank_by_protein": 0.4809939593076706,
    "multi_lang_to_english": 0.38891799449920655,
    "square_of_zodiac_animal": 0.6601085305213928,
    "alternate_synonym_antonym": 0.7435253620147705,
    "most_consonant_return_vowel": 0.5937081456184388,
    "least_unique_word_count": 0.6205637097358704,
    "first_word_alphabetically_return_reverse": 0.5953944146633148
  },
  "average_bert_score": 0.5115929271280766
}