{
  "model1_name": "Qwen_QwQ-32B",
  "model2_name": "openai_gpt-oss-20b",
  "task_scores": {
    "cause_and_effect": 0.3319423109292984,
    "larger_animal": 0.7832569599151611,
    "num_to_verbal": 0.3450184762477875,
    "orthography_starts_with": 0.32919843792915343,
    "rhymes": 0.6483565092086792,
    "synonyms": 0.423698765039444,
    "taxonomy_animal": 0.4550915092229843,
    "translation_en-fr": 0.3025897413492203,
    "reverse_from_middle": 0.6660532593727112,
    "smallest_item_length": 0.68779376745224,
    "smallest_even_no_sqrt": 0.6994808435440063,
    "most_vowel_return_consonant": 0.6267377972602844,
    "detect_rhyme_and_rewrite": 0.3352073490619659,
    "rank_by_protein": 0.5152538001537323,
    "multi_lang_to_english": 0.3909942626953125,
    "square_of_zodiac_animal": 0.7207462072372437,
    "alternate_synonym_antonym": 0.7730996817350387,
    "most_consonant_return_vowel": 0.6866278648376465,
    "least_unique_word_count": 0.6820991277694702,
    "first_word_alphabetically_return_reverse": 0.6693804383277893
  },
  "average_bert_score": 0.5536313554644584
}