{
  "model1_name": "Qwen_QwQ-32B",
  "model2_name": "open-thoughts_OpenThinker-7B",
  "task_scores": {
    "cause_and_effect": 0.7510041475296021,
    "larger_animal": 0.8575553655624389,
    "num_to_verbal": 0.6687982559204102,
    "orthography_starts_with": 0.7301753282546997,
    "rhymes": 0.7117735981941223,
    "synonyms": 0.6936952233314514,
    "taxonomy_animal": 0.7256001353263855,
    "translation_en-fr": 0.7668745517730713,
    "reverse_from_middle": 0.67108553647995,
    "smallest_item_length": 0.6635847210884094,
    "smallest_even_no_sqrt": 0.6921545147895813,
    "most_vowel_return_consonant": 0.681480097770691,
    "detect_rhyme_and_rewrite": 0.790691590309143,
    "rank_by_protein": 0.7370020031929017,
    "multi_lang_to_english": 0.687809157371521,
    "square_of_zodiac_animal": 0.7402454257011414,
    "alternate_synonym_antonym": 0.9032562911510468,
    "most_consonant_return_vowel": 0.7286113977432251,
    "least_unique_word_count": 0.7001079082489013,
    "first_word_alphabetically_return_reverse": 0.7419751286506653
  },
  "average_bert_score": 0.732174018919468
}