{
  "model1_name": "BytedTsinghua-SIA_DAPO-Qwen-32B",
  "model2_name": "openai_gpt-oss-20b",
  "task_scores": {
    "cause_and_effect": 0.30842538475990294,
    "larger_animal": 0.8159621834754944,
    "num_to_verbal": 0.30121341347694397,
    "orthography_starts_with": 0.31315716803073884,
    "rhymes": 0.6232101052999497,
    "synonyms": 0.36322530508041384,
    "taxonomy_animal": 0.44785305559635163,
    "translation_en-fr": 0.290646955370903,
    "reverse_from_middle": 0.6736394762992859,
    "smallest_item_length": 0.6656503558158875,
    "smallest_even_no_sqrt": 0.62177734375,
    "most_vowel_return_consonant": 0.62760910987854,
    "detect_rhyme_and_rewrite": 0.33268972039222716,
    "rank_by_protein": 0.5113747000694275,
    "multi_lang_to_english": 0.39756916761398314,
    "square_of_zodiac_animal": 0.7104926466941833,
    "alternate_synonym_antonym": 0.7492784112691879,
    "most_consonant_return_vowel": 0.6591273307800293,
    "least_unique_word_count": 0.6816012620925903,
    "first_word_alphabetically_return_reverse": 0.638489356637001
  },
  "average_bert_score": 0.5366496226191521
}