{
  "model1_name": "BytedTsinghua-SIA_DAPO-Qwen-32B",
  "model2_name": "nvidia_Nemotron-Research-Reasoning-Qwen-1.5B",
  "task_scores": {
    "cause_and_effect": 0.6886889815330506,
    "larger_animal": 0.7476854205131531,
    "num_to_verbal": 0.6612905025482178,
    "orthography_starts_with": 0.6558750391006469,
    "rhymes": 0.701651644706726,
    "synonyms": 0.6823110580444336,
    "taxonomy_animal": 0.6128816246986389,
    "translation_en-fr": 0.7317354142665863,
    "reverse_from_middle": 0.6117773532867432,
    "smallest_item_length": 0.6410721182823181,
    "smallest_even_no_sqrt": 0.5829094409942627,
    "most_vowel_return_consonant": 0.6236226558685303,
    "detect_rhyme_and_rewrite": 0.6129150509834289,
    "rank_by_protein": 0.7120258688926697,
    "multi_lang_to_english": 0.6298580288887023,
    "square_of_zodiac_animal": 0.6680033683776856,
    "alternate_synonym_antonym": 0.8808834791183472,
    "most_consonant_return_vowel": 0.632495892047882,
    "least_unique_word_count": 0.6095219373703002,
    "first_word_alphabetically_return_reverse": 0.7151195764541626
  },
  "average_bert_score": 0.6701162227988242
}