{
  "model1_name": "BytedTsinghua-SIA_DAPO-Qwen-32B",
  "model2_name": "open-thoughts_OpenThinker-7B",
  "task_scores": {
    "cause_and_effect": 0.8041964173316956,
    "larger_animal": 0.8125239849090576,
    "num_to_verbal": 0.7101276993751526,
    "orthography_starts_with": 0.7297749996185303,
    "rhymes": 0.7400350689888,
    "synonyms": 0.7535877764225006,
    "taxonomy_animal": 0.6251303195953369,
    "translation_en-fr": 0.796998918056488,
    "reverse_from_middle": 0.6440053105354309,
    "smallest_item_length": 0.6505676746368408,
    "smallest_even_no_sqrt": 0.6118510603904724,
    "most_vowel_return_consonant": 0.6413673400878906,
    "detect_rhyme_and_rewrite": 0.8034409761428833,
    "rank_by_protein": 0.7887707114219665,
    "multi_lang_to_english": 0.6731328070163727,
    "square_of_zodiac_animal": 0.6952478289604187,
    "alternate_synonym_antonym": 0.8763696849346161,
    "most_consonant_return_vowel": 0.7093473672866821,
    "least_unique_word_count": 0.6679502487182617,
    "first_word_alphabetically_return_reverse": 0.675566804409027
  },
  "average_bert_score": 0.7204996499419212
}