{
  "model1_name": "openai_gpt-oss-20b",
  "model2_name": "open-thoughts_OpenThinker-7B",
  "task_scores": {
    "cause_and_effect": 0.31910139620304107,
    "larger_animal": 0.7889648675918579,
    "num_to_verbal": 0.3447324275970459,
    "orthography_starts_with": 0.3753244191408157,
    "rhymes": 0.6211311340332031,
    "synonyms": 0.3761455476284027,
    "taxonomy_animal": 0.48465102910995483,
    "translation_en-fr": 0.3059384495019913,
    "reverse_from_middle": 0.6559663653373718,
    "smallest_item_length": 0.6561960816383362,
    "smallest_even_no_sqrt": 0.6685429692268372,
    "most_vowel_return_consonant": 0.6396624445915222,
    "detect_rhyme_and_rewrite": 0.3727721631526947,
    "rank_by_protein": 0.5480971217155457,
    "multi_lang_to_english": 0.4335639178752899,
    "square_of_zodiac_animal": 0.7299834489822388,
    "alternate_synonym_antonym": 0.7971195727586746,
    "most_consonant_return_vowel": 0.6716704845428467,
    "least_unique_word_count": 0.6910648226737977,
    "first_word_alphabetically_return_reverse": 0.6839653640985489
  },
  "average_bert_score": 0.5582297013700009
}