{
  "model1_name": "nvidia_Nemotron-Research-Reasoning-Qwen-1.5B",
  "model2_name": "Qwen_QwQ-32B",
  "task_scores": {
    "cause_and_effect": 0.6437017560005188,
    "larger_animal": 0.742177426815033,
    "num_to_verbal": 0.6483568787574768,
    "orthography_starts_with": 0.6393635630607605,
    "rhymes": 0.6714757084846497,
    "synonyms": 0.6774497866630554,
    "taxonomy_animal": 0.7345132827758789,
    "translation_en-fr": 0.675835120677948,
    "reverse_from_middle": 0.6666406869888306,
    "smallest_item_length": 0.6490859985351562,
    "smallest_even_no_sqrt": 0.628631591796875,
    "most_vowel_return_consonant": 0.6852499008178711,
    "detect_rhyme_and_rewrite": 0.6071132063865662,
    "rank_by_protein": 0.6925896763801574,
    "multi_lang_to_english": 0.6250643134117126,
    "square_of_zodiac_animal": 0.677956485748291,
    "alternate_synonym_antonym": 0.8624771237373352,
    "most_consonant_return_vowel": 0.6423424363136292,
    "least_unique_word_count": 0.6552346229553223,
    "first_word_alphabetically_return_reverse": 0.7100863099098206
  },
  "average_bert_score": 0.6767672938108444
}