{
  "model1_name": "nvidia_Nemotron-Research-Reasoning-Qwen-1.5B",
  "model2_name": "open-thoughts_OpenThinker-7B",
  "task_scores": {
    "cause_and_effect": 0.6923892855644226,
    "larger_animal": 0.7317140579223633,
    "num_to_verbal": 0.6917353391647338,
    "orthography_starts_with": 0.695595645904541,
    "rhymes": 0.6745826005935669,
    "synonyms": 0.6843860864639282,
    "taxonomy_animal": 0.6916771292686462,
    "translation_en-fr": 0.7034947156906128,
    "reverse_from_middle": 0.6330787777900696,
    "smallest_item_length": 0.6967219948768616,
    "smallest_even_no_sqrt": 0.6121267259120942,
    "most_vowel_return_consonant": 0.6713063955307007,
    "detect_rhyme_and_rewrite": 0.6031071841716766,
    "rank_by_protein": 0.7313577651977539,
    "multi_lang_to_english": 0.6586076021194458,
    "square_of_zodiac_animal": 0.6767151236534119,
    "alternate_synonym_antonym": 0.8700678229331971,
    "most_consonant_return_vowel": 0.6322555780410767,
    "least_unique_word_count": 0.6197132229804992,
    "first_word_alphabetically_return_reverse": 0.6998905301094055
  },
  "average_bert_score": 0.6835261791944504
}