{
  "model1_name": "BytedTsinghua-SIA_DAPO-Qwen-32B",
  "model2_name": "Qwen_QwQ-32B",
  "task_scores": {
    "cause_and_effect": 0.7549353241920471,
    "larger_animal": 0.8589226722717285,
    "num_to_verbal": 0.6418205142021179,
    "orthography_starts_with": 0.7199223756790161,
    "rhymes": 0.7399393916130066,
    "synonyms": 0.7461012065410614,
    "taxonomy_animal": 0.6444934964179992,
    "translation_en-fr": 0.7446781873703003,
    "reverse_from_middle": 0.6541812300682068,
    "smallest_item_length": 0.6857080101966858,
    "smallest_even_no_sqrt": 0.6623064637184143,
    "most_vowel_return_consonant": 0.6546157002449036,
    "detect_rhyme_and_rewrite": 0.7755008578300476,
    "rank_by_protein": 0.816448700428009,
    "multi_lang_to_english": 0.6804397106170654,
    "square_of_zodiac_animal": 0.784360933303833,
    "alternate_synonym_antonym": 0.8889536023139953,
    "most_consonant_return_vowel": 0.7220329642295837,
    "least_unique_word_count": 0.68210768699646,
    "first_word_alphabetically_return_reverse": 0.7068169951438904
  },
  "average_bert_score": 0.7282143011689186
}