{
  "model1_name": "BytedTsinghua-SIA_DAPO-Qwen-32B",
  "model2_name": "Qwen_QwQ-32B",
  "task_scores": {
    "cause_and_effect": 0.5926910996437073,
    "larger_animal": 0.5738028287887573,
    "num_to_verbal": 0.6533879280090332,
    "orthography_starts_with": 0.5659792304039002,
    "rhymes": 0.6176962375640869,
    "synonyms": 0.5404730021953583,
    "taxonomy_animal": 0.6033719003200531,
    "translation_en-fr": 0.5899716138839721,
    "reverse_from_middle": 0.5153268575668335,
    "smallest_item_length": 0.6970298767089844,
    "smallest_even_no_sqrt": 0.5610614538192749,
    "most_vowel_return_consonant": 0.6747595787048339,
    "detect_rhyme_and_rewrite": 0.6603693962097168,
    "rank_by_protein": 0.735029673576355,
    "multi_lang_to_english": 0.5179614067077637,
    "square_of_zodiac_animal": 0.6428865432739258,
    "alternate_synonym_antonym": 0.5958499908447266,
    "most_consonant_return_vowel": 0.6566195607185363,
    "least_unique_word_count": 0.6536342620849609,
    "first_word_alphabetically_return_reverse": 0.6798262238502503
  },
  "average_bert_score": 0.6163864332437515
}