{
  "model1_name": "Qwen_QwQ-32B",
  "model2_name": "open-thoughts_OpenThinker-7B",
  "task_scores": {
    "cause_and_effect": 0.5869119524955749,
    "larger_animal": 0.5434167385101318,
    "num_to_verbal": 0.7587843060493469,
    "orthography_starts_with": 0.6148155808448792,
    "rhymes": 0.625378692150116,
    "synonyms": 0.5730466961860656,
    "taxonomy_animal": 0.533380126953125,
    "translation_en-fr": 0.6664240837097168,
    "reverse_from_middle": 0.5242334425449371,
    "smallest_item_length": 0.6465129494667053,
    "smallest_even_no_sqrt": 0.556654554605484,
    "most_vowel_return_consonant": 0.6164176344871521,
    "detect_rhyme_and_rewrite": 0.5990760445594787,
    "rank_by_protein": 0.6416168212890625,
    "multi_lang_to_english": 0.601666608452797,
    "square_of_zodiac_animal": 0.6407688379287719,
    "alternate_synonym_antonym": 0.6258651614189148,
    "most_consonant_return_vowel": 0.6293205261230469,
    "least_unique_word_count": 0.5804936528205872,
    "first_word_alphabetically_return_reverse": 0.6548356294631958
  },
  "average_bert_score": 0.6109810020029546
}