{
  "model1_name": "nvidia_Nemotron-Research-Reasoning-Qwen-1.5B",
  "model2_name": "open-thoughts_OpenThinker-7B",
  "task_scores": {
    "cause_and_effect": 0.6144739508628845,
    "larger_animal": 0.617382287979126,
    "num_to_verbal": 0.836337149143219,
    "orthography_starts_with": 0.6223188519477845,
    "rhymes": 0.6268727302551269,
    "synonyms": 0.5842538952827454,
    "taxonomy_animal": 0.553748607635498,
    "translation_en-fr": 0.6677878499031067,
    "reverse_from_middle": 0.5329752802848816,
    "smallest_item_length": 0.6192400217056274,
    "smallest_even_no_sqrt": 0.5893346309661865,
    "most_vowel_return_consonant": 0.6129495978355408,
    "detect_rhyme_and_rewrite": 0.7175722002983094,
    "rank_by_protein": 0.610715675354004,
    "multi_lang_to_english": 0.7459555268287659,
    "square_of_zodiac_animal": 0.6881253361701966,
    "alternate_synonym_antonym": 0.6931836247444153,
    "most_consonant_return_vowel": 0.6457214713096618,
    "least_unique_word_count": 0.6095171809196472,
    "first_word_alphabetically_return_reverse": 0.5894572615623475
  },
  "average_bert_score": 0.6388961565494538
}