{
  "model1_name": "BytedTsinghua-SIA_DAPO-Qwen-32B",
  "model2_name": "open-thoughts_OpenThinker-7B",
  "task_scores": {
    "cause_and_effect": 0.5451955556869507,
    "larger_animal": 0.5598556101322174,
    "num_to_verbal": 0.6457590699195862,
    "orthography_starts_with": 0.5476549416780472,
    "rhymes": 0.6204777240753174,
    "synonyms": 0.5228178560733795,
    "taxonomy_animal": 0.5935863614082336,
    "translation_en-fr": 0.6105876684188842,
    "reverse_from_middle": 0.5932994246482849,
    "smallest_item_length": 0.6330293893814087,
    "smallest_even_no_sqrt": 0.600057590007782,
    "most_vowel_return_consonant": 0.6364299774169921,
    "detect_rhyme_and_rewrite": 0.5955595135688782,
    "rank_by_protein": 0.6303292632102966,
    "multi_lang_to_english": 0.49086236357688906,
    "square_of_zodiac_animal": 0.682904052734375,
    "alternate_synonym_antonym": 0.5891756296157837,
    "most_consonant_return_vowel": 0.6344583868980408,
    "least_unique_word_count": 0.6286345481872558,
    "first_word_alphabetically_return_reverse": 0.638946795463562
  },
  "average_bert_score": 0.5999810861051083
}