{
  "model1_name": "BytedTsinghua-SIA_DAPO-Qwen-32B",
  "model2_name": "openai_gpt-oss-20b",
  "task_scores": {
    "cause_and_effect": 0.5692541539669037,
    "larger_animal": 0.5625112593173981,
    "num_to_verbal": 0.6331098556518555,
    "orthography_starts_with": 0.5897273123264313,
    "rhymes": 0.6225924015045166,
    "synonyms": 0.5751331925392151,
    "taxonomy_animal": 0.6123422265052796,
    "translation_en-fr": 0.5799372494220734,
    "reverse_from_middle": 0.6272942781448364,
    "smallest_item_length": 0.6115796089172363,
    "smallest_even_no_sqrt": 0.6409180045127869,
    "most_vowel_return_consonant": 0.6654711127281189,
    "detect_rhyme_and_rewrite": 0.6527092695236206,
    "rank_by_protein": 0.6361356019973755,
    "multi_lang_to_english": 0.4979957312345505,
    "square_of_zodiac_animal": 0.7166004300117492,
    "alternate_synonym_antonym": 0.6007275640964508,
    "most_consonant_return_vowel": 0.614801037311554,
    "least_unique_word_count": 0.6692497968673706,
    "first_word_alphabetically_return_reverse": 0.5976976215839386
  },
  "average_bert_score": 0.6137893854081631
}