{
  "model1_name": "nvidia_Nemotron-Research-Reasoning-Qwen-1.5B",
  "model2_name": "Qwen_QwQ-32B",
  "task_scores": {
    "cause_and_effect": 0.5921492397785186,
    "larger_animal": 0.5735671758651734,
    "num_to_verbal": 0.7643057227134704,
    "orthography_starts_with": 0.6386189341545105,
    "rhymes": 0.615056836605072,
    "synonyms": 0.574310040473938,
    "taxonomy_animal": 0.6051229000091553,
    "translation_en-fr": 0.6408681392669677,
    "reverse_from_middle": 0.5466301441192627,
    "smallest_item_length": 0.6392486691474915,
    "smallest_even_no_sqrt": 0.6141787767410278,
    "most_vowel_return_consonant": 0.6381429076194763,
    "detect_rhyme_and_rewrite": 0.5762279629707336,
    "rank_by_protein": 0.6217539191246033,
    "multi_lang_to_english": 0.586227759718895,
    "square_of_zodiac_animal": 0.6635769605636597,
    "alternate_synonym_antonym": 0.6001635074615479,
    "most_consonant_return_vowel": 0.7135382771492005,
    "least_unique_word_count": 0.5685267806053161,
    "first_word_alphabetically_return_reverse": 0.6310414433479309
  },
  "average_bert_score": 0.6201628048717975
}