{
  "model1_name": "Qwen_QwQ-32B",
  "model2_name": "openai_gpt-oss-20b",
  "task_scores": {
    "cause_and_effect": 0.6211823284626007,
    "larger_animal": 0.5728649199008942,
    "num_to_verbal": 0.7744174599647522,
    "orthography_starts_with": 0.6641018509864807,
    "rhymes": 0.6153202414512634,
    "synonyms": 0.5811399698257447,
    "taxonomy_animal": 0.5497562229633332,
    "translation_en-fr": 0.6545601963996888,
    "reverse_from_middle": 0.523304083943367,
    "smallest_item_length": 0.5793662071228027,
    "smallest_even_no_sqrt": 0.5730975031852722,
    "most_vowel_return_consonant": 0.63779057264328,
    "detect_rhyme_and_rewrite": 0.6748737573623658,
    "rank_by_protein": 0.6462339520454407,
    "multi_lang_to_english": 0.633733481168747,
    "square_of_zodiac_animal": 0.6460970044136047,
    "alternate_synonym_antonym": 0.6260798573493958,
    "most_consonant_return_vowel": 0.5955448269844055,
    "least_unique_word_count": 0.6062669456005096,
    "first_word_alphabetically_return_reverse": 0.6259704470634461
  },
  "average_bert_score": 0.6200850914418697
}