{
  "model1_name": "nvidia_Nemotron-Research-Reasoning-Qwen-1.5B",
  "model2_name": "openai_gpt-oss-20b",
  "task_scores": {
    "cause_and_effect": 0.6426300376653671,
    "larger_animal": 0.602774840593338,
    "num_to_verbal": 0.803155779838562,
    "orthography_starts_with": 0.6240328490734101,
    "rhymes": 0.5955617308616639,
    "synonyms": 0.5618521273136139,
    "taxonomy_animal": 0.5199575126171112,
    "translation_en-fr": 0.637064403295517,
    "reverse_from_middle": 0.5329944729804993,
    "smallest_item_length": 0.5896578073501587,
    "smallest_even_no_sqrt": 0.5901556491851807,
    "most_vowel_return_consonant": 0.5842639803886414,
    "detect_rhyme_and_rewrite": 0.6132851481437683,
    "rank_by_protein": 0.6029603600502014,
    "multi_lang_to_english": 0.6306266188621521,
    "square_of_zodiac_animal": 0.6738516330718994,
    "alternate_synonym_antonym": 0.6213915407657623,
    "most_consonant_return_vowel": 0.5729208827018738,
    "least_unique_word_count": 0.5974561333656311,
    "first_word_alphabetically_return_reverse": 0.5644727110862732
  },
  "average_bert_score": 0.6080533109605313
}