{
  "model1_name": "openai_gpt-oss-20b",
  "model2_name": "open-thoughts_OpenThinker-7B",
  "task_scores": {
    "cause_and_effect": 0.6572477340698242,
    "larger_animal": 0.6020219683647156,
    "num_to_verbal": 0.8114912927150726,
    "orthography_starts_with": 0.6663067936897278,
    "rhymes": 0.6731326699256897,
    "synonyms": 0.6325236678123474,
    "taxonomy_animal": 0.5805441617965699,
    "translation_en-fr": 0.667965418100357,
    "reverse_from_middle": 0.6715628921985626,
    "smallest_item_length": 0.6006476283073425,
    "smallest_even_no_sqrt": 0.6670733094215393,
    "most_vowel_return_consonant": 0.6652454018592835,
    "detect_rhyme_and_rewrite": 0.6457171559333801,
    "rank_by_protein": 0.635378646850586,
    "multi_lang_to_english": 0.6404794096946717,
    "square_of_zodiac_animal": 0.7143129467964172,
    "alternate_synonym_antonym": 0.6512402117252349,
    "most_consonant_return_vowel": 0.6305555582046509,
    "least_unique_word_count": 0.6665714800357818,
    "first_word_alphabetically_return_reverse": 0.6537685871124268
  },
  "average_bert_score": 0.6566893467307091
}