{
  "model1_name": "BytedTsinghua-SIA_DAPO-Qwen-32B",
  "model2_name": "nvidia_Nemotron-Research-Reasoning-Qwen-1.5B",
  "task_scores": {
    "cause_and_effect": 0.5199605584144592,
    "larger_animal": 0.5788380861282348,
    "num_to_verbal": 0.6613107264041901,
    "orthography_starts_with": 0.5370968699455261,
    "rhymes": 0.5902462244033814,
    "synonyms": 0.5473542094230652,
    "taxonomy_animal": 0.6166243433952332,
    "translation_en-fr": 0.6252719223499298,
    "reverse_from_middle": 0.5307372272014618,
    "smallest_item_length": 0.6379508137702942,
    "smallest_even_no_sqrt": 0.5728059887886048,
    "most_vowel_return_consonant": 0.6362132072448731,
    "detect_rhyme_and_rewrite": 0.5716891288757324,
    "rank_by_protein": 0.5972398281097412,
    "multi_lang_to_english": 0.49786503314971925,
    "square_of_zodiac_animal": 0.6594328999519348,
    "alternate_synonym_antonym": 0.5785157799720764,
    "most_consonant_return_vowel": 0.6380725145339966,
    "least_unique_word_count": 0.6089237332344055,
    "first_word_alphabetically_return_reverse": 0.6503296494483948
  },
  "average_bert_score": 0.5928239372372628
}