{
  "model1_name": "BytedTsinghua-SIA_DAPO-Qwen-32B",
  "model2_name": "nvidia_Nemotron-Research-Reasoning-Qwen-1.5B",
  "task_scores": {
    "cause_and_effect": 0.6489733099937439,
    "larger_animal": 0.5966820001602173,
    "num_to_verbal": 0.6546507239341736,
    "orthography_starts_with": 0.7243446230888366,
    "rhymes": 0.5712274312973022,
    "synonyms": 0.5069821417331696,
    "taxonomy_animal": 0.6156088352203369,
    "translation_en-fr": 0.6559784770011902,
    "reverse_from_middle": 0.5462526440620422,
    "smallest_item_length": 0.6364065885543824,
    "smallest_even_no_sqrt": 0.5691618740558624,
    "most_vowel_return_consonant": 0.6254311084747315,
    "detect_rhyme_and_rewrite": 0.6132965505123138,
    "rank_by_protein": 0.6709673881530762,
    "multi_lang_to_english": 0.5810102760791779,
    "square_of_zodiac_animal": 0.600334358215332,
    "alternate_synonym_antonym": 0.6322845578193664,
    "most_consonant_return_vowel": 0.6694166660308838,
    "least_unique_word_count": 0.6606282591819763,
    "first_word_alphabetically_return_reverse": 0.6466352462768554
  },
  "average_bert_score": 0.6213136529922485
}