{
  "model1_name": "BytedTsinghua-SIA_DAPO-Qwen-32B",
  "model2_name": "open-thoughts_OpenThinker-7B",
  "task_scores": {
    "cause_and_effect": 0.6662645936012268,
    "larger_animal": 0.6221119523048401,
    "num_to_verbal": 0.6666386008262635,
    "orthography_starts_with": 0.7164077818393707,
    "rhymes": 0.611163341999054,
    "synonyms": 0.5320923089981079,
    "taxonomy_animal": 0.6060516476631165,
    "translation_en-fr": 0.6361955046653748,
    "reverse_from_middle": 0.5763556003570557,
    "smallest_item_length": 0.6326768636703491,
    "smallest_even_no_sqrt": 0.637580668926239,
    "most_vowel_return_consonant": 0.637145483493805,
    "detect_rhyme_and_rewrite": 0.6745277881622315,
    "rank_by_protein": 0.6584632158279419,
    "multi_lang_to_english": 0.6217844724655152,
    "square_of_zodiac_animal": 0.6727889060974122,
    "alternate_synonym_antonym": 0.7283882200717926,
    "most_consonant_return_vowel": 0.6826713919639588,
    "least_unique_word_count": 0.6881595611572265,
    "first_word_alphabetically_return_reverse": 0.6148134589195251
  },
  "average_bert_score": 0.6441140681505203
}