{
  "model1_name": "Qwen_QwQ-32B",
  "model2_name": "open-thoughts_OpenThinker-7B",
  "task_scores": {
    "cause_and_effect": 0.6140170693397522,
    "larger_animal": 0.5958012461662292,
    "num_to_verbal": 0.6775788962841034,
    "orthography_starts_with": 0.7146453857421875,
    "rhymes": 0.5756854057312012,
    "synonyms": 0.5452801704406738,
    "taxonomy_animal": 0.554643988609314,
    "translation_en-fr": 0.6002258658409119,
    "reverse_from_middle": 0.615281856060028,
    "smallest_item_length": 0.6929097294807434,
    "smallest_even_no_sqrt": 0.6618044376373291,
    "most_vowel_return_consonant": 0.6944631338119507,
    "detect_rhyme_and_rewrite": 0.6798425078392029,
    "rank_by_protein": 0.6458977580070495,
    "multi_lang_to_english": 0.6782353758811951,
    "square_of_zodiac_animal": 0.629352730512619,
    "alternate_synonym_antonym": 0.6940712034702301,
    "most_consonant_return_vowel": 0.6897729158401489,
    "least_unique_word_count": 0.6606389880180359,
    "first_word_alphabetically_return_reverse": 0.6188413500785828
  },
  "average_bert_score": 0.6419495007395744
}