{
  "model1_name": "Qwen_QwQ-32B",
  "model2_name": "openai_gpt-oss-20b",
  "task_scores": {
    "cause_and_effect": 0.6299104571342469,
    "larger_animal": 0.6406781435012817,
    "num_to_verbal": 0.6747836232185364,
    "orthography_starts_with": 0.6928521633148194,
    "rhymes": 0.5797336339950562,
    "synonyms": 0.5965976238250732,
    "taxonomy_animal": 0.5764978289604187,
    "translation_en-fr": 0.6118560671806336,
    "reverse_from_middle": 0.6728008389472961,
    "smallest_item_length": 0.6169469356536865,
    "smallest_even_no_sqrt": 0.6533182740211487,
    "most_vowel_return_consonant": 0.6361737012863159,
    "detect_rhyme_and_rewrite": 0.6489918231964111,
    "rank_by_protein": 0.6329830169677735,
    "multi_lang_to_english": 0.7117971837520599,
    "square_of_zodiac_animal": 0.6477161467075347,
    "alternate_synonym_antonym": 0.6936000168323517,
    "most_consonant_return_vowel": 0.7016176104545593,
    "least_unique_word_count": 0.6741850972175598,
    "first_word_alphabetically_return_reverse": 0.657503867149353
  },
  "average_bert_score": 0.6475272026658059
}