{
  "model1_name": "nvidia_Nemotron-Research-Reasoning-Qwen-1.5B",
  "model2_name": "Qwen_QwQ-32B",
  "task_scores": {
    "cause_and_effect": 0.6095468044281006,
    "larger_animal": 0.5932132601737976,
    "num_to_verbal": 0.6868404746055603,
    "orthography_starts_with": 0.6487984240055085,
    "rhymes": 0.573126631975174,
    "synonyms": 0.5687190771102906,
    "taxonomy_animal": 0.6158810973167419,
    "translation_en-fr": 0.6012449502944947,
    "reverse_from_middle": 0.6107986152172089,
    "smallest_item_length": 0.6432731747627258,
    "smallest_even_no_sqrt": 0.6746081709861755,
    "most_vowel_return_consonant": 0.6449326276779175,
    "detect_rhyme_and_rewrite": 0.5919580578804016,
    "rank_by_protein": 0.6549947381019592,
    "multi_lang_to_english": 0.5727800846099853,
    "square_of_zodiac_animal": 0.6067067205905914,
    "alternate_synonym_antonym": 0.6236107110977173,
    "most_consonant_return_vowel": 0.7244093656539917,
    "least_unique_word_count": 0.6704026579856872,
    "first_word_alphabetically_return_reverse": 0.6399710655212403
  },
  "average_bert_score": 0.6277908354997634
}