{
  "model1_name": "nvidia_Nemotron-Research-Reasoning-Qwen-1.5B",
  "model2_name": "openai_gpt-oss-20b",
  "task_scores": {
    "cause_and_effect": 0.6298726916313171,
    "larger_animal": 0.5870773911476135,
    "num_to_verbal": 0.635135042667389,
    "orthography_starts_with": 0.6597815155982971,
    "rhymes": 0.604249370098114,
    "synonyms": 0.5514913380146027,
    "taxonomy_animal": 0.5967807650566102,
    "translation_en-fr": 0.6044127523899079,
    "reverse_from_middle": 0.5730745732784271,
    "smallest_item_length": 0.6156669020652771,
    "smallest_even_no_sqrt": 0.5884729981422424,
    "most_vowel_return_consonant": 0.5905070424079895,
    "detect_rhyme_and_rewrite": 0.5811647117137909,
    "rank_by_protein": 0.5740366697311401,
    "multi_lang_to_english": 0.6326283872127533,
    "square_of_zodiac_animal": 0.6385375380516052,
    "alternate_synonym_antonym": 0.608418869972229,
    "most_consonant_return_vowel": 0.6214102745056153,
    "least_unique_word_count": 0.6463465571403504,
    "first_word_alphabetically_return_reverse": 0.6041120648384094
  },
  "average_bert_score": 0.6071588727831841
}