{
  "model1_name": "nvidia_Nemotron-Research-Reasoning-Qwen-1.5B",
  "model2_name": "open-thoughts_OpenThinker-7B",
  "task_scores": {
    "cause_and_effect": 0.6287051796913147,
    "larger_animal": 0.6102999925613404,
    "num_to_verbal": 0.665296220779419,
    "orthography_starts_with": 0.754877257347107,
    "rhymes": 0.6126592040061951,
    "synonyms": 0.5952819228172302,
    "taxonomy_animal": 0.6444959878921509,
    "translation_en-fr": 0.6594620227813721,
    "reverse_from_middle": 0.5765375614166259,
    "smallest_item_length": 0.6299400210380555,
    "smallest_even_no_sqrt": 0.5982729077339173,
    "most_vowel_return_consonant": 0.6486677646636962,
    "detect_rhyme_and_rewrite": 0.6103472232818603,
    "rank_by_protein": 0.6432667374610901,
    "multi_lang_to_english": 0.6204051375389099,
    "square_of_zodiac_animal": 0.6015225410461426,
    "alternate_synonym_antonym": 0.6446125507354736,
    "most_consonant_return_vowel": 0.6415577411651612,
    "least_unique_word_count": 0.7134024500846863,
    "first_word_alphabetically_return_reverse": 0.6371753811836243
  },
  "average_bert_score": 0.6368392902612686
}