{
  "model1_name": "BytedTsinghua-SIA_DAPO-Qwen-32B",
  "model2_name": "Qwen_QwQ-32B",
  "task_scores": {
    "cause_and_effect": 0.6150176525115967,
    "larger_animal": 0.7116801142692566,
    "num_to_verbal": 0.712228798866272,
    "orthography_starts_with": 0.6895336031913757,
    "rhymes": 0.5760815620422364,
    "synonyms": 0.5678205847740173,
    "taxonomy_animal": 0.5811131119728088,
    "translation_en-fr": 0.5722337961196899,
    "reverse_from_middle": 0.5866181015968323,
    "smallest_item_length": 0.6711345434188842,
    "smallest_even_no_sqrt": 0.6642049431800843,
    "most_vowel_return_consonant": 0.688228964805603,
    "detect_rhyme_and_rewrite": 0.6755339145660401,
    "rank_by_protein": 0.7488089561462402,
    "multi_lang_to_english": 0.6168548226356506,
    "square_of_zodiac_animal": 0.6512938678264618,
    "alternate_synonym_antonym": 0.7096136689186097,
    "most_consonant_return_vowel": 0.7073037624359131,
    "least_unique_word_count": 0.6757445693016052,
    "first_word_alphabetically_return_reverse": 0.6333287119865417
  },
  "average_bert_score": 0.652718902528286
}