{
  "model1_name": "openai_gpt-oss-20b",
  "model2_name": "open-thoughts_OpenThinker-7B",
  "task_scores": {
    "cause_and_effect": 0.6881219506263733,
    "larger_animal": 0.6461348533630371,
    "num_to_verbal": 0.6724079251289368,
    "orthography_starts_with": 0.7039568424224854,
    "rhymes": 0.6676374673843384,
    "synonyms": 0.5880334794521331,
    "taxonomy_animal": 0.614270007610321,
    "translation_en-fr": 0.6556001305580139,
    "reverse_from_middle": 0.6372731924057007,
    "smallest_item_length": 0.6574687600135803,
    "smallest_even_no_sqrt": 0.6552932500839234,
    "most_vowel_return_consonant": 0.6460379123687744,
    "detect_rhyme_and_rewrite": 0.6524704337120056,
    "rank_by_protein": 0.5936949014663696,
    "multi_lang_to_english": 0.7215085685253143,
    "square_of_zodiac_animal": 0.7379381656646729,
    "alternate_synonym_antonym": 0.6944135010242463,
    "most_consonant_return_vowel": 0.681584769487381,
    "least_unique_word_count": 0.7044113039970398,
    "first_word_alphabetically_return_reverse": 0.6405024886131286
  },
  "average_bert_score": 0.6629379951953889
}