{
  "model1_name": "BytedTsinghua-SIA_DAPO-Qwen-32B",
  "model2_name": "openai_gpt-oss-20b",
  "task_scores": {
    "cause_and_effect": 0.691198718547821,
    "larger_animal": 0.6999994516372681,
    "num_to_verbal": 0.6622933924198151,
    "orthography_starts_with": 0.7154705643653869,
    "rhymes": 0.6324826121330261,
    "synonyms": 0.5832864880561829,
    "taxonomy_animal": 0.6559849143028259,
    "translation_en-fr": 0.6026735782623291,
    "reverse_from_middle": 0.6583063721656799,
    "smallest_item_length": 0.6187492132186889,
    "smallest_even_no_sqrt": 0.6896720170974732,
    "most_vowel_return_consonant": 0.6419697523117065,
    "detect_rhyme_and_rewrite": 0.6678882122039795,
    "rank_by_protein": 0.6151933968067169,
    "multi_lang_to_english": 0.6392240703105927,
    "square_of_zodiac_animal": 0.730413019657135,
    "alternate_synonym_antonym": 0.7447290062904358,
    "most_consonant_return_vowel": 0.687506091594696,
    "least_unique_word_count": 0.6709307193756103,
    "first_word_alphabetically_return_reverse": 0.6663326978683471
  },
  "average_bert_score": 0.6637152144312858
}