{
  "model1_name": "nvidia_Nemotron-Research-Reasoning-Qwen-1.5B",
  "model2_name": "Qwen_QwQ-32B",
  "task_scores": {
    "cause_and_effect": 0.5718544602394104,
    "larger_animal": 0.562506353855133,
    "num_to_verbal": 0.6008093953132629,
    "orthography_starts_with": 0.5725193858146668,
    "rhymes": 0.6437111020088195,
    "synonyms": 0.6441713333129883,
    "taxonomy_animal": 0.6054746031761169,
    "translation_en-fr": 0.5500129818916321,
    "reverse_from_middle": 0.5604417383670807,
    "smallest_item_length": 0.6585906386375427,
    "smallest_even_no_sqrt": 0.6392409801483154,
    "most_vowel_return_consonant": 0.6210046410560608,
    "detect_rhyme_and_rewrite": 0.5525817692279815,
    "rank_by_protein": 0.5884597480297089,
    "multi_lang_to_english": 0.5818507552146912,
    "square_of_zodiac_animal": 0.6410276532173157,
    "alternate_synonym_antonym": 0.5700977563858032,
    "most_consonant_return_vowel": 0.6572864174842834,
    "least_unique_word_count": 0.614116108417511,
    "first_word_alphabetically_return_reverse": 0.6483750104904175
  },
  "average_bert_score": 0.6042066416144369
}