{
  "model1_name": "nvidia_Nemotron-Research-Reasoning-Qwen-1.5B",
  "model2_name": "openai_gpt-oss-20b",
  "task_scores": {
    "cause_and_effect": 0.5334116578102112,
    "larger_animal": 0.5778258323669434,
    "num_to_verbal": 0.5669053077697754,
    "orthography_starts_with": 0.5993116736412049,
    "rhymes": 0.6240402221679687,
    "synonyms": 0.6086962103843689,
    "taxonomy_animal": 0.5744238376617432,
    "translation_en-fr": 0.5488607883453369,
    "reverse_from_middle": 0.5872130632400513,
    "smallest_item_length": 0.6151350378990174,
    "smallest_even_no_sqrt": 0.5840592980384827,
    "most_vowel_return_consonant": 0.6100302338600159,
    "detect_rhyme_and_rewrite": 0.543473482131958,
    "rank_by_protein": 0.592802107334137,
    "multi_lang_to_english": 0.5810016512870788,
    "square_of_zodiac_animal": 0.6456758141517639,
    "alternate_synonym_antonym": 0.5525085687637329,
    "most_consonant_return_vowel": 0.6410077452659607,
    "least_unique_word_count": 0.637048065662384,
    "first_word_alphabetically_return_reverse": 0.5868115901947022
  },
  "average_bert_score": 0.5905121093988419
}