{
  "model1_name": "BytedTsinghua-SIA_DAPO-Qwen-32B",
  "model2_name": "nvidia_Nemotron-Research-Reasoning-Qwen-1.5B",
  "task_scores": {
    "cause_and_effect": 0.5466611385345459,
    "larger_animal": 0.5630370140075683,
    "num_to_verbal": 0.5766206383705139,
    "orthography_starts_with": 0.5914946556091308,
    "rhymes": 0.6076899409294129,
    "synonyms": 0.6144780158996582,
    "taxonomy_animal": 0.5985895395278931,
    "translation_en-fr": 0.5576703548431396,
    "reverse_from_middle": 0.6085834264755249,
    "smallest_item_length": 0.665142822265625,
    "smallest_even_no_sqrt": 0.606827461719513,
    "most_vowel_return_consonant": 0.6042016983032227,
    "detect_rhyme_and_rewrite": 0.5631880044937134,
    "rank_by_protein": 0.640567672252655,
    "multi_lang_to_english": 0.5628369808197021,
    "square_of_zodiac_animal": 0.6300768375396728,
    "alternate_synonym_antonym": 0.5669814586639405,
    "most_consonant_return_vowel": 0.6822786331176758,
    "least_unique_word_count": 0.6415705561637879,
    "first_word_alphabetically_return_reverse": 0.5984893083572388
  },
  "average_bert_score": 0.6013493078947068
}