{
  "model1_name": "BytedTsinghua-SIA_DAPO-Qwen-32B",
  "model2_name": "Qwen_QwQ-32B",
  "task_scores": {
    "cause_and_effect": 0.6132575631141662,
    "larger_animal": 0.6307432591915131,
    "num_to_verbal": 0.6268467903137207,
    "orthography_starts_with": 0.6540639400482178,
    "rhymes": 0.6747406363487244,
    "synonyms": 0.6167004108428955,
    "taxonomy_animal": 0.6163047552108765,
    "translation_en-fr": 0.5924590587615967,
    "reverse_from_middle": 0.6727407455444336,
    "smallest_item_length": 0.6772977709770203,
    "smallest_even_no_sqrt": 0.6671326279640197,
    "most_vowel_return_consonant": 0.624483335018158,
    "detect_rhyme_and_rewrite": 0.658962881565094,
    "rank_by_protein": 0.635981559753418,
    "multi_lang_to_english": 0.6300323009490967,
    "square_of_zodiac_animal": 0.6833797097206116,
    "alternate_synonym_antonym": 0.6566645860671997,
    "most_consonant_return_vowel": 0.6529258847236633,
    "least_unique_word_count": 0.6691602230072021,
    "first_word_alphabetically_return_reverse": 0.7000802874565124
  },
  "average_bert_score": 0.6476979163289068
}