{
  "model1_name": "BytedTsinghua-SIA_DAPO-Qwen-32B",
  "model2_name": "open-thoughts_OpenThinker-7B",
  "task_scores": {
    "cause_and_effect": 0.6010519325733185,
    "larger_animal": 0.5595012426376342,
    "num_to_verbal": 0.6131040453910828,
    "orthography_starts_with": 0.6383163213729859,
    "rhymes": 0.6112708449363708,
    "synonyms": 0.5338605999946594,
    "taxonomy_animal": 0.5978915095329285,
    "translation_en-fr": 0.6261947393417359,
    "reverse_from_middle": 0.6198504328727722,
    "smallest_item_length": 0.6522695660591126,
    "smallest_even_no_sqrt": 0.6321590304374695,
    "most_vowel_return_consonant": 0.6013973474502563,
    "detect_rhyme_and_rewrite": 0.5925451993942261,
    "rank_by_protein": 0.6294961094856262,
    "multi_lang_to_english": 0.5769038498401642,
    "square_of_zodiac_animal": 0.6505435228347778,
    "alternate_synonym_antonym": 0.5929712653160095,
    "most_consonant_return_vowel": 0.6733527779579163,
    "least_unique_word_count": 0.6231148600578308,
    "first_word_alphabetically_return_reverse": 0.6145502328872681
  },
  "average_bert_score": 0.6120172715187072
}