{
  "model1_name": "Qwen_QwQ-32B",
  "model2_name": "openai_gpt-oss-20b",
  "task_scores": {
    "cause_and_effect": 0.6543843507766723,
    "larger_animal": 0.604141092300415,
    "num_to_verbal": 0.6773655891418457,
    "orthography_starts_with": 0.699600088596344,
    "rhymes": 0.6239733815193176,
    "synonyms": 0.6384939789772034,
    "taxonomy_animal": 0.6010343432426453,
    "translation_en-fr": 0.6512970805168152,
    "reverse_from_middle": 0.6291266679763794,
    "smallest_item_length": 0.6323530793190002,
    "smallest_even_no_sqrt": 0.6303107142448425,
    "most_vowel_return_consonant": 0.6720405459403992,
    "detect_rhyme_and_rewrite": 0.6696579575538635,
    "rank_by_protein": 0.6392183184623719,
    "multi_lang_to_english": 0.665325379371643,
    "square_of_zodiac_animal": 0.6822508692741394,
    "alternate_synonym_antonym": 0.6502756595611572,
    "most_consonant_return_vowel": 0.6474622249603271,
    "least_unique_word_count": 0.6393420338630676,
    "first_word_alphabetically_return_reverse": 0.678402304649353
  },
  "average_bert_score": 0.6493027830123902
}