{
  "model1_name": "openai_gpt-oss-20b",
  "model2_name": "open-thoughts_OpenThinker-7B",
  "task_scores": {
    "cause_and_effect": 0.6983074903488159,
    "larger_animal": 0.5920794248580933,
    "num_to_verbal": 0.6284177541732788,
    "orthography_starts_with": 0.7003357887268067,
    "rhymes": 0.6353029608726501,
    "synonyms": 0.5772801160812377,
    "taxonomy_animal": 0.6163652300834656,
    "translation_en-fr": 0.6352781772613525,
    "reverse_from_middle": 0.6361586570739746,
    "smallest_item_length": 0.6824870705604553,
    "smallest_even_no_sqrt": 0.6011191368103027,
    "most_vowel_return_consonant": 0.6836472153663635,
    "detect_rhyme_and_rewrite": 0.6111677527427674,
    "rank_by_protein": 0.6400015950202942,
    "multi_lang_to_english": 0.6606871247291565,
    "square_of_zodiac_animal": 0.7050885677337646,
    "alternate_synonym_antonym": 0.6185673236846924,
    "most_consonant_return_vowel": 0.6853570938110352,
    "least_unique_word_count": 0.6079289317131042,
    "first_word_alphabetically_return_reverse": 0.6385675191879272
  },
  "average_bert_score": 0.6427072465419769
}