{
  "model1_name": "nvidia_Nemotron-Research-Reasoning-Qwen-1.5B",
  "model2_name": "open-thoughts_OpenThinker-7B",
  "task_scores": {
    "cause_and_effect": 0.5390140533447265,
    "larger_animal": 0.548845112323761,
    "num_to_verbal": 0.5924615621566772,
    "orthography_starts_with": 0.6000589251518249,
    "rhymes": 0.6600172996520997,
    "synonyms": 0.5780778765678406,
    "taxonomy_animal": 0.5690359890460968,
    "translation_en-fr": 0.5805615782737732,
    "reverse_from_middle": 0.660615086555481,
    "smallest_item_length": 0.6566043853759765,
    "smallest_even_no_sqrt": 0.5705912709236145,
    "most_vowel_return_consonant": 0.6446383237838745,
    "detect_rhyme_and_rewrite": 0.5712856829166413,
    "rank_by_protein": 0.6227217793464661,
    "multi_lang_to_english": 0.5739972770214081,
    "square_of_zodiac_animal": 0.6435450792312623,
    "alternate_synonym_antonym": 0.57248375415802,
    "most_consonant_return_vowel": 0.6813694834709167,
    "least_unique_word_count": 0.6738808393478394,
    "first_word_alphabetically_return_reverse": 0.6329597115516663
  },
  "average_bert_score": 0.6086382535099983
}