{
  "model1_name": "BytedTsinghua-SIA_DAPO-Qwen-32B",
  "model2_name": "openai_gpt-oss-20b",
  "task_scores": {
    "cause_and_effect": 0.6301097273826599,
    "larger_animal": 0.6377560138702393,
    "num_to_verbal": 0.5544649362564087,
    "orthography_starts_with": 0.6793642640113831,
    "rhymes": 0.6362390160560608,
    "synonyms": 0.5732278108596802,
    "taxonomy_animal": 0.6054921746253967,
    "translation_en-fr": 0.616094958782196,
    "reverse_from_middle": 0.6534590125083923,
    "smallest_item_length": 0.6526044249534607,
    "smallest_even_no_sqrt": 0.652045750617981,
    "most_vowel_return_consonant": 0.6631770491600036,
    "detect_rhyme_and_rewrite": 0.643590259552002,
    "rank_by_protein": 0.6290279388427734,
    "multi_lang_to_english": 0.6347041249275207,
    "square_of_zodiac_animal": 0.7073080182075501,
    "alternate_synonym_antonym": 0.657348096370697,
    "most_consonant_return_vowel": 0.6449251055717469,
    "least_unique_word_count": 0.6461879849433899,
    "first_word_alphabetically_return_reverse": 0.6793349146842956
  },
  "average_bert_score": 0.6398230791091919
}