{
  "model1_name": "Qwen_QwQ-32B",
  "model2_name": "open-thoughts_OpenThinker-7B",
  "task_scores": {
    "cause_and_effect": 0.6166086196899414,
    "larger_animal": 0.5708350658416748,
    "num_to_verbal": 0.6994468688964843,
    "orthography_starts_with": 0.6488675832748413,
    "rhymes": 0.6307079553604126,
    "synonyms": 0.5853726446628571,
    "taxonomy_animal": 0.6074425578117371,
    "translation_en-fr": 0.6334508657455444,
    "reverse_from_middle": 0.5862626552581787,
    "smallest_item_length": 0.6299347400665283,
    "smallest_even_no_sqrt": 0.6360016345977784,
    "most_vowel_return_consonant": 0.7090420842170715,
    "detect_rhyme_and_rewrite": 0.5697697997093201,
    "rank_by_protein": 0.5684330701828003,
    "multi_lang_to_english": 0.6449357748031617,
    "square_of_zodiac_animal": 0.6664025068283081,
    "alternate_synonym_antonym": 0.610003674030304,
    "most_consonant_return_vowel": 0.6847114324569702,
    "least_unique_word_count": 0.6042027473449707,
    "first_word_alphabetically_return_reverse": 0.6927172064781189
  },
  "average_bert_score": 0.6297574743628502
}