{
  "total_configurations": 21,
  "total_model_pairs": 10,
  "conditions": [
    "default",
    "empty",
    "ensemble_gen_qwq_dapo_eval_oss",
    "ensemble_gen_qwq_opent_eval_oss",
    "ensemble_gen_qwq_oss_eval_dapo",
    "sampling",
    "transfer_dapo",
    "transfer_nrr",
    "transfer_opent",
    "transfer_oss",
    "transfer_qwq"
  ],
  "answer_conditions": [
    "full_text",
    "without_answer"
  ],
  "overall_mean_consistency": 0.5863204851266748,
  "overall_std_consistency": 0.0538964708019768,
  "per_condition_stats": {
    "default": {
      "full_text": {
        "mean": 0.5601817176881291,
        "std": 0.03181044329008549,
        "count": 10
      },
      "without_answer": {
        "mean": 0.5598978543139639,
        "std": 0.02568569017230392,
        "count": 10
      }
    },
    "empty": {
      "full_text": {
        "mean": 0.5646303217609724,
        "std": 0.03248384336811806,
        "count": 10
      }
    },
    "ensemble_gen_qwq_dapo_eval_oss": {
      "full_text": {
        "mean": 0.6003083707747006,
        "std": 0.028629298637044217,
        "count": 10
      },
      "without_answer": {
        "mean": 0.6100938989718754,
        "std": 0.018928599856344187,
        "count": 10
      }
    },
    "ensemble_gen_qwq_opent_eval_oss": {
      "full_text": {
        "mean": 0.6046017304488591,
        "std": 0.02227759047925618,
        "count": 10
      },
      "without_answer": {
        "mean": 0.6101014795473644,
        "std": 0.01712760139497079,
        "count": 10
      }
    },
    "ensemble_gen_qwq_oss_eval_dapo": {
      "full_text": {
        "mean": 0.6236538824864797,
        "std": 0.01902526395423581,
        "count": 10
      },
      "without_answer": {
        "mean": 0.6189845729725701,
        "std": 0.01812550677452081,
        "count": 10
      }
    },
    "sampling": {
      "full_text": {
        "mean": 0.4973278097311655,
        "std": 0.04829711467736232,
        "count": 10
      },
      "without_answer": {
        "mean": 0.5399443075770424,
        "std": 0.026730759324213708,
        "count": 10
      }
    },
    "transfer_dapo": {
      "full_text": {
        "mean": 0.6068001211824872,
        "std": 0.08287183961592384,
        "count": 10
      },
      "without_answer": {
        "mean": 0.6061248646321752,
        "std": 0.022235578564800376,
        "count": 10
      }
    },
    "transfer_nrr": {
      "full_text": {
        "mean": 0.5883665290049145,
        "std": 0.01758721159596506,
        "count": 10
      },
      "without_answer": {
        "mean": 0.575988118790445,
        "std": 0.015364976958585068,
        "count": 10
      }
    },
    "transfer_opent": {
      "full_text": {
        "mean": 0.5163975496093431,
        "std": 0.12009611967640674,
        "count": 10
      },
      "without_answer": {
        "mean": 0.5955210805223101,
        "std": 0.014179921220325287,
        "count": 10
      }
    },
    "transfer_oss": {
      "full_text": {
        "mean": 0.6574444233235859,
        "std": 0.0377602128738061,
        "count": 10
      },
      "without_answer": {
        "mean": 0.592953531742096,
        "std": 0.020626552747428386,
        "count": 10
      }
    },
    "transfer_qwq": {
      "full_text": {
        "mean": 0.5800233167126065,
        "std": 0.06216519609470508,
        "count": 10
      },
      "without_answer": {
        "mean": 0.603384705867086,
        "std": 0.01902698815303861,
        "count": 10
      }
    }
  },
  "per_answer_condition_stats": {
    "full_text": {
      "mean": 0.5817941611566584,
      "std": 0.06830452402912926,
      "count": 110
    },
    "without_answer": {
      "mean": 0.5912994414936928,
      "std": 0.030787044558195475,
      "count": 100
    }
  }
}