{
  "model1_name": "openai_gpt-oss-20b",
  "model2_name": "open-thoughts_OpenThinker-7B",
  "task_scores": {
    "cause_and_effect": 0.7527291178703308,
    "larger_animal": 0.7684716939926147,
    "num_to_verbal": 0.7097606897354126,
    "orthography_starts_with": 0.6662728071212769,
    "rhymes": 0.6919876456260681,
    "synonyms": 0.6884092926979065,
    "taxonomy_animal": 0.48355050683021544,
    "translation_en-fr": 0.6656058430671692,
    "reverse_from_middle": 0.2877157211303711,
    "smallest_item_length": 0.24374756813049317,
    "smallest_even_no_sqrt": 0.6595738530158997,
    "most_vowel_return_consonant": 0.688113009929657,
    "detect_rhyme_and_rewrite": 0.712192589044571,
    "rank_by_protein": 0.7186409592628479,
    "multi_lang_to_english": 0.7052669286727905,
    "square_of_zodiac_animal": 0.7323276996612549,
    "alternate_synonym_antonym": 0.7618718981742859,
    "most_consonant_return_vowel": 0.6474719524383545,
    "least_unique_word_count": 0.6998465538024903,
    "first_word_alphabetically_return_reverse": 0.6196437656879425
  },
  "average_bert_score": 0.6451600047945978
}