{
  "model1_name": "nvidia_Nemotron-Research-Reasoning-Qwen-1.5B",
  "model2_name": "open-thoughts_OpenThinker-7B",
  "task_scores": {
    "cause_and_effect": 0.6665515780448914,
    "larger_animal": 0.6893771529197693,
    "num_to_verbal": 0.7105919241905212,
    "orthography_starts_with": 0.5475967943668365,
    "rhymes": 0.5489712715148926,
    "synonyms": 0.5665345430374146,
    "taxonomy_animal": 0.6234065771102906,
    "translation_en-fr": 0.6029211789369583,
    "reverse_from_middle": 0.5726461768150329,
    "smallest_item_length": 0.710756802558899,
    "smallest_even_no_sqrt": 0.5843466281890869,
    "most_vowel_return_consonant": 0.6476704120635987,
    "detect_rhyme_and_rewrite": 0.560908442735672,
    "rank_by_protein": 0.6042813628911972,
    "multi_lang_to_english": 0.6183973670005798,
    "square_of_zodiac_animal": 0.6079903960227966,
    "alternate_synonym_antonym": 0.5414536952972412,
    "most_consonant_return_vowel": 0.6796208500862122,
    "least_unique_word_count": 0.6776230216026307,
    "first_word_alphabetically_return_reverse": 0.5627454102039338
  },
  "average_bert_score": 0.6162195792794228
}