{
  "model1_name": "BytedTsinghua-SIA_DAPO-Qwen-32B",
  "model2_name": "Qwen_QwQ-32B",
  "task_scores": {
    "cause_and_effect": 0.7567758917808532,
    "larger_animal": 0.7157339096069336,
    "num_to_verbal": 0.6634294867515564,
    "orthography_starts_with": 0.6130478024482727,
    "rhymes": 0.6536361694335937,
    "synonyms": 0.6060840129852295,
    "taxonomy_animal": 0.7207721829414367,
    "translation_en-fr": 0.7000041961669922,
    "reverse_from_middle": 0.6616457939147949,
    "smallest_item_length": 0.6984858274459839,
    "smallest_even_no_sqrt": 0.6508118152618408,
    "most_vowel_return_consonant": 0.6327158093452454,
    "detect_rhyme_and_rewrite": 0.722710806131363,
    "rank_by_protein": 0.76656653881073,
    "multi_lang_to_english": 0.5963519036769866,
    "square_of_zodiac_animal": 0.6494586229324341,
    "alternate_synonym_antonym": 0.6713812947273254,
    "most_consonant_return_vowel": 0.6328989267349243,
    "least_unique_word_count": 0.676002562046051,
    "first_word_alphabetically_return_reverse": 0.6577662706375123
  },
  "average_bert_score": 0.672313991189003
}