{
  "model1_name": "BytedTsinghua-SIA_DAPO-Qwen-32B",
  "model2_name": "open-thoughts_OpenThinker-7B",
  "task_scores": {
    "cause_and_effect": 0.8008688688278198,
    "larger_animal": 0.6639445662498474,
    "num_to_verbal": 0.7007688760757447,
    "orthography_starts_with": 0.6217692732810974,
    "rhymes": 0.5957025527954102,
    "synonyms": 0.6701857089996338,
    "taxonomy_animal": 0.5980307966470718,
    "translation_en-fr": 0.6829610943794251,
    "reverse_from_middle": 0.5987269878387451,
    "smallest_item_length": 0.5450656801462174,
    "smallest_even_no_sqrt": 0.6112786293029785,
    "most_vowel_return_consonant": 0.6321212649345398,
    "detect_rhyme_and_rewrite": 0.6767209053039551,
    "rank_by_protein": 0.7010538458824158,
    "multi_lang_to_english": 0.6123562216758728,
    "square_of_zodiac_animal": 0.6629830241203308,
    "alternate_synonym_antonym": 0.6515736818313599,
    "most_consonant_return_vowel": 0.5900011956691742,
    "least_unique_word_count": 0.7241971135139466,
    "first_word_alphabetically_return_reverse": 0.6144565582275391
  },
  "average_bert_score": 0.6477383422851564
}