{
  "model1_name": "BytedTsinghua-SIA_DAPO-Qwen-32B",
  "model2_name": "nvidia_Nemotron-Research-Reasoning-Qwen-1.5B",
  "task_scores": {
    "cause_and_effect": 0.6936358094215394,
    "larger_animal": 0.6693220376968384,
    "num_to_verbal": 0.6499765157699585,
    "orthography_starts_with": 0.5724985182285309,
    "rhymes": 0.5939313888549804,
    "synonyms": 0.5609209656715393,
    "taxonomy_animal": 0.608660888671875,
    "translation_en-fr": 0.6049188941717147,
    "reverse_from_middle": 0.5962021350860596,
    "smallest_item_length": 0.6000029861927032,
    "smallest_even_no_sqrt": 0.6059610962867736,
    "most_vowel_return_consonant": 0.6104396462440491,
    "detect_rhyme_and_rewrite": 0.5980499386787415,
    "rank_by_protein": 0.6713601320981979,
    "multi_lang_to_english": 0.6151050448417663,
    "square_of_zodiac_animal": 0.6185595989227295,
    "alternate_synonym_antonym": 0.5862072587013245,
    "most_consonant_return_vowel": 0.6635668158531189,
    "least_unique_word_count": 0.7503068089485169,
    "first_word_alphabetically_return_reverse": 0.6016856551170349
  },
  "average_bert_score": 0.6235656067728997
}