{
  "model1_name": "Qwen_QwQ-32B",
  "model2_name": "open-thoughts_OpenThinker-7B",
  "task_scores": {
    "cause_and_effect": 0.7723467469215393,
    "larger_animal": 0.7433147311210633,
    "num_to_verbal": 0.757473349571228,
    "orthography_starts_with": 0.620553994178772,
    "rhymes": 0.60359867811203,
    "synonyms": 0.6159720897674561,
    "taxonomy_animal": 0.5567137092351914,
    "translation_en-fr": 0.682575786113739,
    "reverse_from_middle": 0.5936163067817688,
    "smallest_item_length": 0.5813583374023438,
    "smallest_even_no_sqrt": 0.6199744343757629,
    "most_vowel_return_consonant": 0.632753598690033,
    "detect_rhyme_and_rewrite": 0.6903733253479004,
    "rank_by_protein": 0.7336338281631469,
    "multi_lang_to_english": 0.7011730670928955,
    "square_of_zodiac_animal": 0.6610020518302917,
    "alternate_synonym_antonym": 0.6448077976703643,
    "most_consonant_return_vowel": 0.6237746477127075,
    "least_unique_word_count": 0.7066630482673645,
    "first_word_alphabetically_return_reverse": 0.6174980759620666
  },
  "average_bert_score": 0.6579588802158832
}