{
  "model1_name": "nvidia_Nemotron-Research-Reasoning-Qwen-1.5B",
  "model2_name": "Qwen_QwQ-32B",
  "task_scores": {
    "cause_and_effect": 0.6837380051612854,
    "larger_animal": 0.6422816753387451,
    "num_to_verbal": 0.6881634175777436,
    "orthography_starts_with": 0.5738300204277038,
    "rhymes": 0.5986013889312745,
    "synonyms": 0.6114466428756714,
    "taxonomy_animal": 0.6693060100078583,
    "translation_en-fr": 0.6007542848587036,
    "reverse_from_middle": 0.5595716297626495,
    "smallest_item_length": 0.6046673059463501,
    "smallest_even_no_sqrt": 0.6740585088729858,
    "most_vowel_return_consonant": 0.6405506014823914,
    "detect_rhyme_and_rewrite": 0.5963707625865936,
    "rank_by_protein": 0.6388778686523438,
    "multi_lang_to_english": 0.621121084690094,
    "square_of_zodiac_animal": 0.6031298279762268,
    "alternate_synonym_antonym": 0.5793456077575684,
    "most_consonant_return_vowel": 0.6869083642959595,
    "least_unique_word_count": 0.664374029636383,
    "first_word_alphabetically_return_reverse": 0.5978385925292968
  },
  "average_bert_score": 0.6267467814683914
}