{
  "model1_name": "BytedTsinghua-SIA_DAPO-Qwen-32B",
  "model2_name": "openai_gpt-oss-20b",
  "task_scores": {
    "cause_and_effect": 0.7648955106735229,
    "larger_animal": 0.6682704210281372,
    "num_to_verbal": 0.5787450432777405,
    "orthography_starts_with": 0.630744469165802,
    "rhymes": 0.634878647327423,
    "synonyms": 0.6546254396438599,
    "taxonomy_animal": 0.6335869431495667,
    "translation_en-fr": 0.6849891006946563,
    "reverse_from_middle": 0.2562871128320694,
    "smallest_item_length": 0.40111957490444183,
    "smallest_even_no_sqrt": 0.6512214183807373,
    "most_vowel_return_consonant": 0.6677508592605591,
    "detect_rhyme_and_rewrite": 0.7045675992965699,
    "rank_by_protein": 0.7174391746520996,
    "multi_lang_to_english": 0.60224147439003,
    "square_of_zodiac_animal": 0.6527984261512756,
    "alternate_synonym_antonym": 0.6459846735000611,
    "most_consonant_return_vowel": 0.6243242800235749,
    "least_unique_word_count": 0.6883044958114624,
    "first_word_alphabetically_return_reverse": 0.6218656480312348
  },
  "average_bert_score": 0.6242320156097413
}