{
  "model1_name": "nvidia_Nemotron-Research-Reasoning-Qwen-1.5B",
  "model2_name": "openai_gpt-oss-20b",
  "task_scores": {
    "cause_and_effect": 0.6550337076187134,
    "larger_animal": 0.6559352099895477,
    "num_to_verbal": 0.6046577632427216,
    "orthography_starts_with": 0.5477877020835876,
    "rhymes": 0.5451175808906555,
    "synonyms": 0.5289375305175781,
    "taxonomy_animal": 0.5146382868289947,
    "translation_en-fr": 0.6182786047458648,
    "reverse_from_middle": 0.27576048076152804,
    "smallest_item_length": 0.2569949984550476,
    "smallest_even_no_sqrt": 0.5650953531265259,
    "most_vowel_return_consonant": 0.6452949523925782,
    "detect_rhyme_and_rewrite": 0.5869905769824981,
    "rank_by_protein": 0.61897591650486,
    "multi_lang_to_english": 0.6003648996353149,
    "square_of_zodiac_animal": 0.5961008906364441,
    "alternate_synonym_antonym": 0.5794165015220643,
    "most_consonant_return_vowel": 0.6196031928062439,
    "least_unique_word_count": 0.6556873440742492,
    "first_word_alphabetically_return_reverse": 0.5525737583637238
  },
  "average_bert_score": 0.561162262558937
}