{
  "model1_name": "Qwen_QwQ-32B",
  "model2_name": "openai_gpt-oss-20b",
  "task_scores": {
    "cause_and_effect": 0.743872344493866,
    "larger_animal": 0.684864056110382,
    "num_to_verbal": 0.6959285616874695,
    "orthography_starts_with": 0.6513134360313415,
    "rhymes": 0.611457622051239,
    "synonyms": 0.6090544939041138,
    "taxonomy_animal": 0.597846633195877,
    "translation_en-fr": 0.6582454323768616,
    "reverse_from_middle": 0.2591815680265427,
    "smallest_item_length": 0.37201456129550936,
    "smallest_even_no_sqrt": 0.6185521364212037,
    "most_vowel_return_consonant": 0.6694752693176269,
    "detect_rhyme_and_rewrite": 0.6816796064376831,
    "rank_by_protein": 0.7211314558982849,
    "multi_lang_to_english": 0.6862692952156066,
    "square_of_zodiac_animal": 0.6767091631889344,
    "alternate_synonym_antonym": 0.6554848790168762,
    "most_consonant_return_vowel": 0.6091150641441345,
    "least_unique_word_count": 0.7042384147644043,
    "first_word_alphabetically_return_reverse": 0.6563745856285095
  },
  "average_bert_score": 0.6281404289603233
}