{
  "model1_name": "openai_gpt-oss-20b",
  "model2_name": "open-thoughts_OpenThinker-7B",
  "task_scores": {
    "cause_and_effect": 0.5947628915309906,
    "larger_animal": 0.5905688464641571,
    "num_to_verbal": 0.6837360739707947,
    "orthography_starts_with": 0.5986980140209198,
    "rhymes": 0.689845621585846,
    "synonyms": 0.5837065696716308,
    "taxonomy_animal": 0.5453938722610474,
    "translation_en-fr": 0.6347777485847473,
    "reverse_from_middle": 0.6599123239517212,
    "smallest_item_length": 0.6638058304786683,
    "smallest_even_no_sqrt": 0.6395706176757813,
    "most_vowel_return_consonant": 0.5901959776878357,
    "detect_rhyme_and_rewrite": 0.6241836667060852,
    "rank_by_protein": 0.5299130439758301,
    "multi_lang_to_english": 0.6200935006141662,
    "square_of_zodiac_animal": 0.7215864419937134,
    "alternate_synonym_antonym": 0.5872658252716064,
    "most_consonant_return_vowel": 0.6299337267875671,
    "least_unique_word_count": 0.6937277317047119,
    "first_word_alphabetically_return_reverse": 0.6591120421886444
  },
  "average_bert_score": 0.6270395183563232
}