{
  "model1_name": "BytedTsinghua-SIA_DAPO-Qwen-32B",
  "model2_name": "open-thoughts_OpenThinker-7B",
  "task_scores": {
    "cause_and_effect": 0.5917266249656677,
    "larger_animal": 0.5478885769844055,
    "num_to_verbal": 0.5987958550453186,
    "orthography_starts_with": 0.6137111783027649,
    "rhymes": 0.632357370853424,
    "synonyms": 0.5410332977771759,
    "taxonomy_animal": 0.5592545151710511,
    "translation_en-fr": 0.6211066126823426,
    "reverse_from_middle": 0.682120418548584,
    "smallest_item_length": 0.6808634877204895,
    "smallest_even_no_sqrt": 0.5892605304718017,
    "most_vowel_return_consonant": 0.6388460159301758,
    "detect_rhyme_and_rewrite": 0.5880038142204285,
    "rank_by_protein": 0.5328102886676789,
    "multi_lang_to_english": 0.5881033957004547,
    "square_of_zodiac_animal": 0.7010615468025208,
    "alternate_synonym_antonym": 0.5882717609405518,
    "most_consonant_return_vowel": 0.5694622993469238,
    "least_unique_word_count": 0.6614344716072083,
    "first_word_alphabetically_return_reverse": 0.6338939070701599
  },
  "average_bert_score": 0.6080002984404564
}