{
  "model1_name": "nvidia_Nemotron-Research-Reasoning-Qwen-1.5B",
  "model2_name": "open-thoughts_OpenThinker-7B",
  "task_scores": {
    "cause_and_effect": 0.5673573076725006,
    "larger_animal": 0.5957772850990295,
    "num_to_verbal": 0.7509678483009339,
    "orthography_starts_with": 0.6291848540306091,
    "rhymes": 0.6121853709220886,
    "synonyms": 0.5475319862365723,
    "taxonomy_animal": 0.5235223710536957,
    "translation_en-fr": 0.5835497915744782,
    "reverse_from_middle": 0.5685810446739197,
    "smallest_item_length": 0.6053119659423828,
    "smallest_even_no_sqrt": 0.5733408808708191,
    "most_vowel_return_consonant": 0.6724351406097412,
    "detect_rhyme_and_rewrite": 0.5987705290317535,
    "rank_by_protein": 0.5956980347633362,
    "multi_lang_to_english": 0.5534264802932739,
    "square_of_zodiac_animal": 0.6031010270118713,
    "alternate_synonym_antonym": 0.5987962365150452,
    "most_consonant_return_vowel": 0.548299765586853,
    "least_unique_word_count": 0.6187591195106507,
    "first_word_alphabetically_return_reverse": 0.5821352362632751
  },
  "average_bert_score": 0.5964366137981416
}