{
  "model1_name": "Qwen_QwQ-32B",
  "model2_name": "open-thoughts_OpenThinker-7B",
  "task_scores": {
    "cause_and_effect": 0.5475425481796264,
    "larger_animal": 0.5229485690593719,
    "num_to_verbal": 0.6506137132644654,
    "orthography_starts_with": 0.600466376543045,
    "rhymes": 0.6731847524642944,
    "synonyms": 0.5402395963668823,
    "taxonomy_animal": 0.5473680019378662,
    "translation_en-fr": 0.5891538858413696,
    "reverse_from_middle": 0.567983764410019,
    "smallest_item_length": 0.6258492350578309,
    "smallest_even_no_sqrt": 0.5706605792045594,
    "most_vowel_return_consonant": 0.5765008628368378,
    "detect_rhyme_and_rewrite": 0.6197259068489075,
    "rank_by_protein": 0.5635663270950317,
    "multi_lang_to_english": 0.594644981622696,
    "square_of_zodiac_animal": 0.6285027742385865,
    "alternate_synonym_antonym": 0.5956269204616547,
    "most_consonant_return_vowel": 0.6107569694519043,
    "least_unique_word_count": 0.6671544313430786,
    "first_word_alphabetically_return_reverse": 0.5959131956100464
  },
  "average_bert_score": 0.5944201695919037
}