{
  "model1_name": "BytedTsinghua-SIA_DAPO-Qwen-32B",
  "model2_name": "openai_gpt-oss-20b",
  "task_scores": {
    "cause_and_effect": 0.587099575996399,
    "larger_animal": 0.5447437524795532,
    "num_to_verbal": 0.5615291178226471,
    "orthography_starts_with": 0.5984124064445495,
    "rhymes": 0.6390947699546814,
    "synonyms": 0.5611417472362519,
    "taxonomy_animal": 0.6384815692901611,
    "translation_en-fr": 0.5877338588237763,
    "reverse_from_middle": 0.6743682622909546,
    "smallest_item_length": 0.6567925572395324,
    "smallest_even_no_sqrt": 0.6224016189575196,
    "most_vowel_return_consonant": 0.6094998240470886,
    "detect_rhyme_and_rewrite": 0.6223340153694152,
    "rank_by_protein": 0.6130594491958619,
    "multi_lang_to_english": 0.5619287312030792,
    "square_of_zodiac_animal": 0.7028671979904175,
    "alternate_synonym_antonym": 0.627984595298767,
    "most_consonant_return_vowel": 0.6513584017753601,
    "least_unique_word_count": 0.6754345655441284,
    "first_word_alphabetically_return_reverse": 0.6342780828475952
  },
  "average_bert_score": 0.6185272049903869
}