{
  "model1_name": "BytedTsinghua-SIA_DAPO-Qwen-32B",
  "model2_name": "nvidia_Nemotron-Research-Reasoning-Qwen-1.5B",
  "task_scores": {
    "cause_and_effect": 0.5742568135261535,
    "larger_animal": 0.580908066034317,
    "num_to_verbal": 0.586978018283844,
    "orthography_starts_with": 0.5946577608585357,
    "rhymes": 0.6424570560455323,
    "synonyms": 0.5500604152679444,
    "taxonomy_animal": 0.6123621523380279,
    "translation_en-fr": 0.5750725746154786,
    "reverse_from_middle": 0.6039504051208496,
    "smallest_item_length": 0.6486327886581421,
    "smallest_even_no_sqrt": 0.5737309217453003,
    "most_vowel_return_consonant": 0.6248698830604553,
    "detect_rhyme_and_rewrite": 0.5751748859882355,
    "rank_by_protein": 0.5445591330528259,
    "multi_lang_to_english": 0.5248122215270996,
    "square_of_zodiac_animal": 0.6272663235664367,
    "alternate_synonym_antonym": 0.5572503328323364,
    "most_consonant_return_vowel": 0.6391063213348389,
    "least_unique_word_count": 0.6737620234489441,
    "first_word_alphabetically_return_reverse": 0.6168559849262237
  },
  "average_bert_score": 0.5963362041115761
}