{
  "model1_name": "nvidia_Nemotron-Research-Reasoning-Qwen-1.5B",
  "model2_name": "Qwen_QwQ-32B",
  "task_scores": {
    "cause_and_effect": 0.6003771781921386,
    "larger_animal": 0.584642481803894,
    "num_to_verbal": 0.6387688517570496,
    "orthography_starts_with": 0.5963438510894775,
    "rhymes": 0.6565827488899231,
    "synonyms": 0.6055377840995788,
    "taxonomy_animal": 0.5746043860912323,
    "translation_en-fr": 0.6065365195274353,
    "reverse_from_middle": 0.6547528028488159,
    "smallest_item_length": 0.6024439990520477,
    "smallest_even_no_sqrt": 0.648296344280243,
    "most_vowel_return_consonant": 0.5959806025028229,
    "detect_rhyme_and_rewrite": 0.583012729883194,
    "rank_by_protein": 0.6054564118385315,
    "multi_lang_to_english": 0.5318651854991913,
    "square_of_zodiac_animal": 0.5869633316993713,
    "alternate_synonym_antonym": 0.6047909140586853,
    "most_consonant_return_vowel": 0.565269947052002,
    "least_unique_word_count": 0.6689793348312378,
    "first_word_alphabetically_return_reverse": 0.6530044496059417
  },
  "average_bert_score": 0.6082104927301406
}