{
  "model1_name": "Qwen_QwQ-32B",
  "model2_name": "openai_gpt-oss-20b",
  "task_scores": {
    "cause_and_effect": 0.5675520718097686,
    "larger_animal": 0.5612624704837799,
    "num_to_verbal": 0.6573397278785705,
    "orthography_starts_with": 0.61833536028862,
    "rhymes": 0.6447474956512451,
    "synonyms": 0.5649052679538726,
    "taxonomy_animal": 0.5429422736167908,
    "translation_en-fr": 0.5592163443565369,
    "reverse_from_middle": 0.5991594672203064,
    "smallest_item_length": 0.6209512829780579,
    "smallest_even_no_sqrt": 0.5923943400382996,
    "most_vowel_return_consonant": 0.5655291140079498,
    "detect_rhyme_and_rewrite": 0.6562949895858765,
    "rank_by_protein": 0.5575636863708496,
    "multi_lang_to_english": 0.6002911329269409,
    "square_of_zodiac_animal": 0.631032919883728,
    "alternate_synonym_antonym": 0.6235243380069733,
    "most_consonant_return_vowel": 0.6601443529129029,
    "least_unique_word_count": 0.668724536895752,
    "first_word_alphabetically_return_reverse": 0.6592389583587647
  },
  "average_bert_score": 0.6075575065612794
}