{
  "model1_name": "nvidia_Nemotron-Research-Reasoning-Qwen-1.5B",
  "model2_name": "openai_gpt-oss-20b",
  "task_scores": {
    "cause_and_effect": 0.5591595351696015,
    "larger_animal": 0.5552219331264496,
    "num_to_verbal": 0.657985383272171,
    "orthography_starts_with": 0.5542958557605744,
    "rhymes": 0.5885739326477051,
    "synonyms": 0.5474182844161988,
    "taxonomy_animal": 0.5749771237373352,
    "translation_en-fr": 0.5420971989631653,
    "reverse_from_middle": 0.5613631129264831,
    "smallest_item_length": 0.6012455105781556,
    "smallest_even_no_sqrt": 0.5568058729171753,
    "most_vowel_return_consonant": 0.5717690587043762,
    "detect_rhyme_and_rewrite": 0.5668305039405823,
    "rank_by_protein": 0.5194603562355041,
    "multi_lang_to_english": 0.5074983477592468,
    "square_of_zodiac_animal": 0.6131166696548462,
    "alternate_synonym_antonym": 0.5303270578384399,
    "most_consonant_return_vowel": 0.6000780701637268,
    "least_unique_word_count": 0.6201135754585266,
    "first_word_alphabetically_return_reverse": 0.5923640251159668
  },
  "average_bert_score": 0.5710350704193116
}