{
  "model1_name": "BytedTsinghua-SIA_DAPO-Qwen-32B",
  "model2_name": "Qwen_QwQ-32B",
  "task_scores": {
    "cause_and_effect": 0.6192438721656799,
    "larger_animal": 0.5793874502182007,
    "num_to_verbal": 0.6403613686561584,
    "orthography_starts_with": 0.6402399241924286,
    "rhymes": 0.6702044367790222,
    "synonyms": 0.592041802406311,
    "taxonomy_animal": 0.5922436714172363,
    "translation_en-fr": 0.5909724354743957,
    "reverse_from_middle": 0.6069458186626434,
    "smallest_item_length": 0.6545057773590088,
    "smallest_even_no_sqrt": 0.5860543012619018,
    "most_vowel_return_consonant": 0.599029940366745,
    "detect_rhyme_and_rewrite": 0.6461884021759033,
    "rank_by_protein": 0.586452865600586,
    "multi_lang_to_english": 0.5514783143997193,
    "square_of_zodiac_animal": 0.6520112991333008,
    "alternate_synonym_antonym": 0.629295814037323,
    "most_consonant_return_vowel": 0.6432657480239868,
    "least_unique_word_count": 0.6659270763397217,
    "first_word_alphabetically_return_reverse": 0.6603930473327637
  },
  "average_bert_score": 0.620312168300152
}