{
  "model1_name": "BytedTsinghua-SIA_DAPO-Qwen-32B",
  "model2_name": "open-thoughts_OpenThinker-7B",
  "task_scores": {
    "cause_and_effect": 0.5985935449600219,
    "larger_animal": 0.5512973427772522,
    "num_to_verbal": 0.5813262522220611,
    "orthography_starts_with": 0.5717781364917756,
    "rhymes": 0.5868316173553467,
    "synonyms": 0.5595845818519593,
    "taxonomy_animal": 0.5530690431594849,
    "translation_en-fr": 0.6231955647468567,
    "reverse_from_middle": 0.6022444128990173,
    "smallest_item_length": 0.5996824383735657,
    "smallest_even_no_sqrt": 0.5907604932785034,
    "most_vowel_return_consonant": 0.5822042465209961,
    "detect_rhyme_and_rewrite": 0.6561620593070984,
    "rank_by_protein": 0.582007646560669,
    "multi_lang_to_english": 0.5420000821352005,
    "square_of_zodiac_animal": 0.6819165229797364,
    "alternate_synonym_antonym": 0.6334605693817139,
    "most_consonant_return_vowel": 0.6300053000450134,
    "least_unique_word_count": 0.6267190337181091,
    "first_word_alphabetically_return_reverse": 0.6165091514587402
  },
  "average_bert_score": 0.598467402011156
}