{
  "model1_name": "BytedTsinghua-SIA_DAPO-Qwen-32B",
  "model2_name": "nvidia_Nemotron-Research-Reasoning-Qwen-1.5B",
  "task_scores": {
    "cause_and_effect": 0.5447700381278991,
    "larger_animal": 0.5041507124900818,
    "num_to_verbal": 0.5338281035423279,
    "orthography_starts_with": 0.5493173122406005,
    "rhymes": 0.6041790008544922,
    "synonyms": 0.538981419801712,
    "taxonomy_animal": 0.5891481399536133,
    "translation_en-fr": 0.5533262610435485,
    "reverse_from_middle": 0.5772243916988373,
    "smallest_item_length": 0.5595252275466919,
    "smallest_even_no_sqrt": 0.5420718312263488,
    "most_vowel_return_consonant": 0.5552650094032288,
    "detect_rhyme_and_rewrite": 0.5647982120513916,
    "rank_by_protein": 0.5740114688873291,
    "multi_lang_to_english": 0.47976693511009216,
    "square_of_zodiac_animal": 0.5807202935218811,
    "alternate_synonym_antonym": 0.5512100696563721,
    "most_consonant_return_vowel": 0.6005246043205261,
    "least_unique_word_count": 0.5968140721321106,
    "first_word_alphabetically_return_reverse": 0.5590158820152282
  },
  "average_bert_score": 0.5579324492812157
}