{
  "model1_name": "nvidia_Nemotron-Research-Reasoning-Qwen-1.5B",
  "model2_name": "Qwen_QwQ-32B",
  "task_scores": {
    "cause_and_effect": 0.5513238131999969,
    "larger_animal": 0.5283145844936371,
    "num_to_verbal": 0.6101189494132996,
    "orthography_starts_with": 0.5861450076103211,
    "rhymes": 0.5558824360370636,
    "synonyms": 0.551876449584961,
    "taxonomy_animal": 0.5654920697212219,
    "translation_en-fr": 0.5260293006896972,
    "reverse_from_middle": 0.5455208837985992,
    "smallest_item_length": 0.5461621761322022,
    "smallest_even_no_sqrt": 0.5401024758815766,
    "most_vowel_return_consonant": 0.5853155255317688,
    "detect_rhyme_and_rewrite": 0.5652067959308624,
    "rank_by_protein": 0.6000213980674743,
    "multi_lang_to_english": 0.5424346506595612,
    "square_of_zodiac_animal": 0.6182182550430297,
    "alternate_synonym_antonym": 0.5242766737937927,
    "most_consonant_return_vowel": 0.5513497710227966,
    "least_unique_word_count": 0.6185602307319641,
    "first_word_alphabetically_return_reverse": 0.6244026005268097
  },
  "average_bert_score": 0.5668377023935318
}