{
  "model1_name": "nvidia_Nemotron-Research-Reasoning-Qwen-1.5B",
  "model2_name": "openai_gpt-oss-20b",
  "task_scores": {
    "cause_and_effect": 0.5335755705833435,
    "larger_animal": 0.5215989053249359,
    "num_to_verbal": 0.5974509119987488,
    "orthography_starts_with": 0.565543794631958,
    "rhymes": 0.5532150745391846,
    "synonyms": 0.5212210655212403,
    "taxonomy_animal": 0.5680108308792114,
    "translation_en-fr": 0.5120463311672211,
    "reverse_from_middle": 0.5483401358127594,
    "smallest_item_length": 0.5394427061080933,
    "smallest_even_no_sqrt": 0.5374148726463318,
    "most_vowel_return_consonant": 0.5879373788833618,
    "detect_rhyme_and_rewrite": 0.5334029197692871,
    "rank_by_protein": 0.5715488314628601,
    "multi_lang_to_english": 0.49761618971824645,
    "square_of_zodiac_animal": 0.6003870129585266,
    "alternate_synonym_antonym": 0.5282834291458129,
    "most_consonant_return_vowel": 0.5676845192909241,
    "least_unique_word_count": 0.5716040849685669,
    "first_word_alphabetically_return_reverse": 0.5495951354503632
  },
  "average_bert_score": 0.5502959850430489
}