{
  "model1_name": "Qwen_QwQ-32B",
  "model2_name": "open-thoughts_OpenThinker-7B",
  "task_scores": {
    "cause_and_effect": 0.5824293613433837,
    "larger_animal": 0.5352965652942657,
    "num_to_verbal": 0.661347770690918,
    "orthography_starts_with": 0.597883427143097,
    "rhymes": 0.5425174236297607,
    "synonyms": 0.6152750968933105,
    "taxonomy_animal": 0.5264002323150635,
    "translation_en-fr": 0.5699711203575134,
    "reverse_from_middle": 0.54659783244133,
    "smallest_item_length": 0.5788140773773194,
    "smallest_even_no_sqrt": 0.570213770866394,
    "most_vowel_return_consonant": 0.6094268918037414,
    "detect_rhyme_and_rewrite": 0.6914206802845001,
    "rank_by_protein": 0.5485405504703522,
    "multi_lang_to_english": 0.6127823889255524,
    "square_of_zodiac_animal": 0.6907519817352294,
    "alternate_synonym_antonym": 0.6126883208751679,
    "most_consonant_return_vowel": 0.5671348214149475,
    "least_unique_word_count": 0.5745335161685944,
    "first_word_alphabetically_return_reverse": 0.5923171281814575
  },
  "average_bert_score": 0.5913171479105951
}