{
  "model1_name": "BytedTsinghua-SIA_DAPO-Qwen-32B",
  "model2_name": "Qwen_QwQ-32B",
  "task_scores": {
    "cause_and_effect": 0.6107393026351928,
    "larger_animal": 0.54157555103302,
    "num_to_verbal": 0.6134597778320312,
    "orthography_starts_with": 0.5967855870723724,
    "rhymes": 0.57867032289505,
    "synonyms": 0.607528007030487,
    "taxonomy_animal": 0.5869557857513428,
    "translation_en-fr": 0.5974677443504334,
    "reverse_from_middle": 0.563617604970932,
    "smallest_item_length": 0.581718921661377,
    "smallest_even_no_sqrt": 0.6198421597480774,
    "most_vowel_return_consonant": 0.7106646537780762,
    "detect_rhyme_and_rewrite": 0.6554141521453858,
    "rank_by_protein": 0.6579940795898438,
    "multi_lang_to_english": 0.550906527042389,
    "square_of_zodiac_animal": 0.7205403447151184,
    "alternate_synonym_antonym": 0.6403460443019867,
    "most_consonant_return_vowel": 0.5679573774337768,
    "least_unique_word_count": 0.6118160843849182,
    "first_word_alphabetically_return_reverse": 0.5982191324234009
  },
  "average_bert_score": 0.6106109580397605
}