{
  "model1_name": "openai_gpt-oss-20b",
  "model2_name": "open-thoughts_OpenThinker-7B",
  "task_scores": {
    "cause_and_effect": 0.6159080743789673,
    "larger_animal": 0.5764215409755706,
    "num_to_verbal": 0.6327526807785034,
    "orthography_starts_with": 0.6160489201545716,
    "rhymes": 0.589766263961792,
    "synonyms": 0.5468839526176452,
    "taxonomy_animal": 0.5772732853889465,
    "translation_en-fr": 0.6063783526420593,
    "reverse_from_middle": 0.5912171483039856,
    "smallest_item_length": 0.6130919337272644,
    "smallest_even_no_sqrt": 0.5716711401939392,
    "most_vowel_return_consonant": 0.6055684089660645,
    "detect_rhyme_and_rewrite": 0.6707533121109008,
    "rank_by_protein": 0.5911958932876586,
    "multi_lang_to_english": 0.6173161387443542,
    "square_of_zodiac_animal": 0.7091191291809082,
    "alternate_synonym_antonym": 0.5767648577690124,
    "most_consonant_return_vowel": 0.6459136128425598,
    "least_unique_word_count": 0.6403530836105347,
    "first_word_alphabetically_return_reverse": 0.5741309642791748
  },
  "average_bert_score": 0.6084264346957206
}