{
  "model1_name": "Qwen_QwQ-32B",
  "model2_name": "openai_gpt-oss-20b",
  "task_scores": {
    "cause_and_effect": 0.6086750388145447,
    "larger_animal": 0.5568098068237305,
    "num_to_verbal": 0.6877871751785278,
    "orthography_starts_with": 0.6908088564872742,
    "rhymes": 0.6255678415298462,
    "synonyms": 0.5944704294204712,
    "taxonomy_animal": 0.5484136581420899,
    "translation_en-fr": 0.6288817167282105,
    "reverse_from_middle": 0.5565951108932495,
    "smallest_item_length": 0.5795116782188415,
    "smallest_even_no_sqrt": 0.6059676289558411,
    "most_vowel_return_consonant": 0.6371720552444458,
    "detect_rhyme_and_rewrite": 0.6612362682819366,
    "rank_by_protein": 0.6052343487739563,
    "multi_lang_to_english": 0.6315692722797394,
    "square_of_zodiac_animal": 0.7328388690948486,
    "alternate_synonym_antonym": 0.654079282283783,
    "most_consonant_return_vowel": 0.5894272446632385,
    "least_unique_word_count": 0.6006320238113403,
    "first_word_alphabetically_return_reverse": 0.6184106707572937
  },
  "average_bert_score": 0.6207044488191604
}