{
  "model1_name": "nvidia_Nemotron-Research-Reasoning-Qwen-1.5B",
  "model2_name": "open-thoughts_OpenThinker-7B",
  "task_scores": {
    "cause_and_effect": 0.5481768727302552,
    "larger_animal": 0.5235133826732635,
    "num_to_verbal": 0.7219074249267579,
    "orthography_starts_with": 0.5546286404132843,
    "rhymes": 0.5633512496948242,
    "synonyms": 0.541650903224945,
    "taxonomy_animal": 0.5445946216583252,
    "translation_en-fr": 0.5120280921459198,
    "reverse_from_middle": 0.5524364292621613,
    "smallest_item_length": 0.5568414986133575,
    "smallest_even_no_sqrt": 0.5388504922389984,
    "most_vowel_return_consonant": 0.5740111708641052,
    "detect_rhyme_and_rewrite": 0.5538574814796448,
    "rank_by_protein": 0.544518768787384,
    "multi_lang_to_english": 0.48915945291519164,
    "square_of_zodiac_animal": 0.5927333354949951,
    "alternate_synonym_antonym": 0.5292477309703827,
    "most_consonant_return_vowel": 0.5749284505844117,
    "least_unique_word_count": 0.59543776512146,
    "first_word_alphabetically_return_reverse": 0.5564963817596436
  },
  "average_bert_score": 0.5584185072779656
}