{
  "model1_name": "BytedTsinghua-SIA_DAPO-Qwen-32B",
  "model2_name": "openai_gpt-oss-20b",
  "task_scores": {
    "cause_and_effect": 0.6227828741073609,
    "larger_animal": 0.591498726606369,
    "num_to_verbal": 0.5513865947723389,
    "orthography_starts_with": 0.6364662706851959,
    "rhymes": 0.5933574557304382,
    "synonyms": 0.5784891366958618,
    "taxonomy_animal": 0.5933760046958924,
    "translation_en-fr": 0.5924310982227325,
    "reverse_from_middle": 0.6266424536705018,
    "smallest_item_length": 0.6247974038124084,
    "smallest_even_no_sqrt": 0.6320883512496949,
    "most_vowel_return_consonant": 0.6310692429542542,
    "detect_rhyme_and_rewrite": 0.6348510622978211,
    "rank_by_protein": 0.6149468302726746,
    "multi_lang_to_english": 0.5640393674373627,
    "square_of_zodiac_animal": 0.6907399892807007,
    "alternate_synonym_antonym": 0.6382584273815155,
    "most_consonant_return_vowel": 0.6251973390579224,
    "least_unique_word_count": 0.6637787103652955,
    "first_word_alphabetically_return_reverse": 0.6121313571929932
  },
  "average_bert_score": 0.6159164348244668
}