{
  "model1_name": "Qwen_QwQ-32B",
  "model2_name": "open-thoughts_OpenThinker-7B",
  "task_scores": {
    "cause_and_effect": 0.7839238524436951,
    "larger_animal": 0.7529976487159729,
    "num_to_verbal": 0.848360824584961,
    "orthography_starts_with": 0.86163210272789,
    "rhymes": 0.6575931191444397,
    "synonyms": 0.6167358756065369,
    "taxonomy_animal": 0.7230554819107056,
    "translation_en-fr": 0.7456503510475159,
    "reverse_from_middle": 0.5619429469108581,
    "smallest_item_length": 0.6265183806419372,
    "smallest_even_no_sqrt": 0.5908990979194642,
    "most_vowel_return_consonant": 0.6359306216239929,
    "detect_rhyme_and_rewrite": 0.7806878089904785,
    "rank_by_protein": 0.7652673602104187,
    "multi_lang_to_english": 0.638409149646759,
    "square_of_zodiac_animal": 0.7004618287086487,
    "alternate_synonym_antonym": 0.7368616580963134,
    "most_consonant_return_vowel": 0.6452714800834656,
    "least_unique_word_count": 0.7187841653823852,
    "first_word_alphabetically_return_reverse": 0.6553010582923889
  },
  "average_bert_score": 0.7023142406344414
}