{
  "model1_name": "nvidia_Nemotron-Research-Reasoning-Qwen-1.5B",
  "model2_name": "open-thoughts_OpenThinker-7B",
  "task_scores": {
    "cause_and_effect": 0.5947982251644135,
    "larger_animal": 0.6293946862220764,
    "num_to_verbal": 0.7656547427177429,
    "orthography_starts_with": 0.3957870781421661,
    "rhymes": 0.6087113142013549,
    "synonyms": 0.528907173871994,
    "taxonomy_animal": 0.6154233455657959,
    "translation_en-fr": 0.6516245007514954,
    "reverse_from_middle": 0.5816871881484985,
    "smallest_item_length": 0.6265819072723389,
    "smallest_even_no_sqrt": 0.5934048533439636,
    "most_vowel_return_consonant": 0.6365938067436219,
    "detect_rhyme_and_rewrite": 0.7685727953910828,
    "rank_by_protein": 0.6540299773216247,
    "multi_lang_to_english": 0.6134784340858459,
    "square_of_zodiac_animal": 0.6862696409225464,
    "alternate_synonym_antonym": 0.6192752540111541,
    "most_consonant_return_vowel": 0.6085894346237183,
    "least_unique_word_count": 0.6474831700325012,
    "first_word_alphabetically_return_reverse": 0.6408657789230346
  },
  "average_bert_score": 0.6233566653728484
}