{
  "model1_name": "Qwen_QwQ-32B",
  "model2_name": "openai_gpt-oss-20b",
  "task_scores": {
    "cause_and_effect": 0.6274207800626754,
    "larger_animal": 0.6478388011455536,
    "num_to_verbal": 0.7969911575317383,
    "orthography_starts_with": 0.6837037086486817,
    "rhymes": 0.4792482316493988,
    "synonyms": 0.3145059525966644,
    "taxonomy_animal": 0.5123576492071151,
    "translation_en-fr": 0.6095979869365692,
    "reverse_from_middle": 0.4142844647169113,
    "smallest_item_length": 0.4660337746143341,
    "smallest_even_no_sqrt": 0.4401542991399765,
    "most_vowel_return_consonant": 0.5387924760580063,
    "detect_rhyme_and_rewrite": 0.7025520741939545,
    "rank_by_protein": 0.6358265042304992,
    "multi_lang_to_english": 0.5780799925327301,
    "square_of_zodiac_animal": 0.5057723850011826,
    "alternate_synonym_antonym": 0.5213989615440369,
    "most_consonant_return_vowel": 0.5128958851099015,
    "least_unique_word_count": 0.4841837137937546,
    "first_word_alphabetically_return_reverse": 0.4804136961698532
  },
  "average_bert_score": 0.547602624744177
}