{
  "model1_name": "BytedTsinghua-SIA_DAPO-Qwen-32B",
  "model2_name": "open-thoughts_OpenThinker-7B",
  "task_scores": {
    "cause_and_effect": 0.7076786637306214,
    "larger_animal": 0.6285454750061035,
    "num_to_verbal": 0.8306058049201965,
    "orthography_starts_with": 0.72980238199234,
    "rhymes": 0.6073705673217773,
    "synonyms": 0.6161085605621338,
    "taxonomy_animal": 0.6052115678787231,
    "translation_en-fr": 0.6447772920131684,
    "reverse_from_middle": 0.6231729865074158,
    "smallest_item_length": 0.642993175983429,
    "smallest_even_no_sqrt": 0.6179111957550049,
    "most_vowel_return_consonant": 0.6577654480934143,
    "detect_rhyme_and_rewrite": 0.7471240162849426,
    "rank_by_protein": 0.6857324361801147,
    "multi_lang_to_english": 0.5919818997383117,
    "square_of_zodiac_animal": 0.6994619846343995,
    "alternate_synonym_antonym": 0.7584175825119018,
    "most_consonant_return_vowel": 0.6333349108695984,
    "least_unique_word_count": 0.6191866278648377,
    "first_word_alphabetically_return_reverse": 0.6291549205780029
  },
  "average_bert_score": 0.6638168749213219
}