{
  "model1_name": "nvidia_Nemotron-Research-Reasoning-Qwen-1.5B",
  "model2_name": "openai_gpt-oss-20b",
  "task_scores": {
    "cause_and_effect": 0.5517367035150528,
    "larger_animal": 0.591504555940628,
    "num_to_verbal": 0.6977443933486939,
    "orthography_starts_with": 0.38407825231552123,
    "rhymes": 0.4382218062877655,
    "synonyms": 0.3297350525856018,
    "taxonomy_animal": 0.45743670165538786,
    "translation_en-fr": 0.5956198692321777,
    "reverse_from_middle": 0.4007162690162659,
    "smallest_item_length": 0.4490691989660263,
    "smallest_even_no_sqrt": 0.45042428076267244,
    "most_vowel_return_consonant": 0.4692810356616974,
    "detect_rhyme_and_rewrite": 0.6744691878557205,
    "rank_by_protein": 0.6083662569522857,
    "multi_lang_to_english": 0.5578719735145569,
    "square_of_zodiac_animal": 0.5095509946346283,
    "alternate_synonym_antonym": 0.4795713186264038,
    "most_consonant_return_vowel": 0.4484975337982178,
    "least_unique_word_count": 0.4420029640197754,
    "first_word_alphabetically_return_reverse": 0.45493031442165377
  },
  "average_bert_score": 0.4995414331555367
}