{
  "model1_name": "openai_gpt-oss-20b",
  "model2_name": "open-thoughts_OpenThinker-7B",
  "task_scores": {
    "cause_and_effect": 0.6701693117618561,
    "larger_animal": 0.6273680984973907,
    "num_to_verbal": 0.8006900489330292,
    "orthography_starts_with": 0.6926016062498093,
    "rhymes": 0.45597271919250487,
    "synonyms": 0.3380939424037933,
    "taxonomy_animal": 0.5557398408651352,
    "translation_en-fr": 0.6420478880405426,
    "reverse_from_middle": 0.45966948568820953,
    "smallest_item_length": 0.5309633195400238,
    "smallest_even_no_sqrt": 0.5158662438392639,
    "most_vowel_return_consonant": 0.6014377146959304,
    "detect_rhyme_and_rewrite": 0.7220673352479935,
    "rank_by_protein": 0.6764931976795197,
    "multi_lang_to_english": 0.6833846896886826,
    "square_of_zodiac_animal": 0.5819396495819091,
    "alternate_synonym_antonym": 0.5593412429094314,
    "most_consonant_return_vowel": 0.5354682177305221,
    "least_unique_word_count": 0.5261694431304932,
    "first_word_alphabetically_return_reverse": 0.46349441409111025
  },
  "average_bert_score": 0.5819489204883574
}