{
  "model1_name": "nvidia_Nemotron-Research-Reasoning-Qwen-1.5B",
  "model2_name": "Qwen_QwQ-32B",
  "task_scores": {
    "cause_and_effect": 0.6064863324165344,
    "larger_animal": 0.6459877789020538,
    "num_to_verbal": 0.7583126306533814,
    "orthography_starts_with": 0.4170991837978363,
    "rhymes": 0.5899362802505493,
    "synonyms": 0.5100950479507447,
    "taxonomy_animal": 0.6571895003318786,
    "translation_en-fr": 0.6082651257514954,
    "reverse_from_middle": 0.6104989528656006,
    "smallest_item_length": 0.5898407995700836,
    "smallest_even_no_sqrt": 0.6199433088302613,
    "most_vowel_return_consonant": 0.6036055505275726,
    "detect_rhyme_and_rewrite": 0.8028059601783752,
    "rank_by_protein": 0.713442325592041,
    "multi_lang_to_english": 0.611262971162796,
    "square_of_zodiac_animal": 0.6926027417182923,
    "alternate_synonym_antonym": 0.6949061632156373,
    "most_consonant_return_vowel": 0.5742920756340026,
    "least_unique_word_count": 0.68624347448349,
    "first_word_alphabetically_return_reverse": 0.6252224445343018
  },
  "average_bert_score": 0.6309019324183465
}