{
  "model1_name": "BytedTsinghua-SIA_DAPO-Qwen-32B",
  "model2_name": "Qwen_QwQ-32B",
  "task_scores": {
    "cause_and_effect": 0.675373888015747,
    "larger_animal": 0.7130337595939636,
    "num_to_verbal": 0.8190127372741699,
    "orthography_starts_with": 0.7410979628562927,
    "rhymes": 0.6784387946128845,
    "synonyms": 0.6418576121330262,
    "taxonomy_animal": 0.6143707036972046,
    "translation_en-fr": 0.6197011590003967,
    "reverse_from_middle": 0.5716891288757324,
    "smallest_item_length": 0.6165719866752625,
    "smallest_even_no_sqrt": 0.6655056953430176,
    "most_vowel_return_consonant": 0.6904495477676391,
    "detect_rhyme_and_rewrite": 0.8171059131622315,
    "rank_by_protein": 0.7110795080661774,
    "multi_lang_to_english": 0.636143958568573,
    "square_of_zodiac_animal": 0.7520201921463012,
    "alternate_synonym_antonym": 0.6853994250297546,
    "most_consonant_return_vowel": 0.6231550574302673,
    "least_unique_word_count": 0.6251963138580322,
    "first_word_alphabetically_return_reverse": 0.6913354396820068
  },
  "average_bert_score": 0.679426939189434
}