{
  "model1_name": "BytedTsinghua-SIA_DAPO-Qwen-32B",
  "model2_name": "openai_gpt-oss-20b",
  "task_scores": {
    "cause_and_effect": 0.6488701552152634,
    "larger_animal": 0.6074254870414734,
    "num_to_verbal": 0.7465141713619232,
    "orthography_starts_with": 0.7000594854354858,
    "rhymes": 0.44577222466468813,
    "synonyms": 0.3113979399204254,
    "taxonomy_animal": 0.5008678734302521,
    "translation_en-fr": 0.5669705688953399,
    "reverse_from_middle": 0.4242468774318695,
    "smallest_item_length": 0.5099222481250762,
    "smallest_even_no_sqrt": 0.47108368277549745,
    "most_vowel_return_consonant": 0.5337814539670944,
    "detect_rhyme_and_rewrite": 0.6641829371452331,
    "rank_by_protein": 0.6387778639793396,
    "multi_lang_to_english": 0.5584786236286163,
    "square_of_zodiac_animal": 0.5633387833833694,
    "alternate_synonym_antonym": 0.4936939537525177,
    "most_consonant_return_vowel": 0.5182730793952942,
    "least_unique_word_count": 0.4699380487203598,
    "first_word_alphabetically_return_reverse": 0.4782584458589554
  },
  "average_bert_score": 0.5425926952064037
}