{
  "model1_name": "BytedTsinghua-SIA_DAPO-Qwen-32B",
  "model2_name": "nvidia_Nemotron-Research-Reasoning-Qwen-1.5B",
  "task_scores": {
    "cause_and_effect": 0.6288698673248291,
    "larger_animal": 0.6405726373195648,
    "num_to_verbal": 0.7852784812450408,
    "orthography_starts_with": 0.4055610060691833,
    "rhymes": 0.5273781597614289,
    "synonyms": 0.5064845085144043,
    "taxonomy_animal": 0.6768069624900818,
    "translation_en-fr": 0.6703102111816406,
    "reverse_from_middle": 0.5777168869972229,
    "smallest_item_length": 0.5809488534927368,
    "smallest_even_no_sqrt": 0.6083147466182709,
    "most_vowel_return_consonant": 0.6199961185455323,
    "detect_rhyme_and_rewrite": 0.7664113402366638,
    "rank_by_protein": 0.6840948820114136,
    "multi_lang_to_english": 0.6341537535190582,
    "square_of_zodiac_animal": 0.6452002465724945,
    "alternate_synonym_antonym": 0.6094208240509034,
    "most_consonant_return_vowel": 0.5985355734825134,
    "least_unique_word_count": 0.6057369351387024,
    "first_word_alphabetically_return_reverse": 0.6030579924583435
  },
  "average_bert_score": 0.6187424993515014
}