{
  "model1_name": "BytedTsinghua-SIA_DAPO-Qwen-32B",
  "model2_name": "openai_gpt-oss-20b",
  "task_scores": {
    "cause_and_effect": 0.6601879477500916,
    "larger_animal": 0.6679647743701935,
    "num_to_verbal": 0.6172023296356202,
    "orthography_starts_with": 0.7116809606552124,
    "rhymes": 0.6092668414115906,
    "synonyms": 0.6089408755302429,
    "taxonomy_animal": 0.634711766242981,
    "translation_en-fr": 0.6104613959789276,
    "reverse_from_middle": 0.6635475873947143,
    "smallest_item_length": 0.6603596448898316,
    "smallest_even_no_sqrt": 0.6476579546928406,
    "most_vowel_return_consonant": 0.6408361434936524,
    "detect_rhyme_and_rewrite": 0.7095137476921082,
    "rank_by_protein": 0.6648274540901185,
    "multi_lang_to_english": 0.6058031499385834,
    "square_of_zodiac_animal": 0.7070597290992737,
    "alternate_synonym_antonym": 0.631529015302658,
    "most_consonant_return_vowel": 0.6309612929821015,
    "least_unique_word_count": 0.6598128914833069,
    "first_word_alphabetically_return_reverse": 0.6856494903564453
  },
  "average_bert_score": 0.6513987496495247
}