{
  "model1_name": "openai_gpt-oss-20b",
  "model2_name": "open-thoughts_OpenThinker-7B",
  "task_scores": {
    "cause_and_effect": 0.6865097641944885,
    "larger_animal": 0.6605886697769165,
    "num_to_verbal": 0.7023953676223755,
    "orthography_starts_with": 0.6736294031143188,
    "rhymes": 0.646509301662445,
    "synonyms": 0.5631808519363404,
    "taxonomy_animal": 0.6142132043838501,
    "translation_en-fr": 0.6514105856418609,
    "reverse_from_middle": 0.6054746747016907,
    "smallest_item_length": 0.5947192549705506,
    "smallest_even_no_sqrt": 0.659565007686615,
    "most_vowel_return_consonant": 0.6507622003555298,
    "detect_rhyme_and_rewrite": 0.7052045464515686,
    "rank_by_protein": 0.6584285616874694,
    "multi_lang_to_english": 0.6863472878932952,
    "square_of_zodiac_animal": 0.6945688605308533,
    "alternate_synonym_antonym": 0.6837864220142365,
    "most_consonant_return_vowel": 0.6303667068481446,
    "least_unique_word_count": 0.6403209567070007,
    "first_word_alphabetically_return_reverse": 0.6684848845005036
  },
  "average_bert_score": 0.6538233256340027
}