{
  "model1_name": "BytedTsinghua-SIA_DAPO-Qwen-32B",
  "model2_name": "open-thoughts_OpenThinker-7B",
  "task_scores": {
    "cause_and_effect": 0.6465361595153809,
    "larger_animal": 0.6436293959617615,
    "num_to_verbal": 0.6550412178039551,
    "orthography_starts_with": 0.6389242768287658,
    "rhymes": 0.6071898221969605,
    "synonyms": 0.5782120108604432,
    "taxonomy_animal": 0.5601238131523132,
    "translation_en-fr": 0.6289772510528564,
    "reverse_from_middle": 0.5813691973686218,
    "smallest_item_length": 0.6044370651245117,
    "smallest_even_no_sqrt": 0.6140226244926452,
    "most_vowel_return_consonant": 0.6172004103660583,
    "detect_rhyme_and_rewrite": 0.6971105098724365,
    "rank_by_protein": 0.6837181329727173,
    "multi_lang_to_english": 0.6067062139511108,
    "square_of_zodiac_animal": 0.695820152759552,
    "alternate_synonym_antonym": 0.6947511970996857,
    "most_consonant_return_vowel": 0.6403493285179138,
    "least_unique_word_count": 0.6321256995201111,
    "first_word_alphabetically_return_reverse": 0.6258717894554138
  },
  "average_bert_score": 0.6326058134436607
}