{
  "model1_name": "Qwen_QwQ-32B",
  "model2_name": "open-thoughts_OpenThinker-7B",
  "task_scores": {
    "cause_and_effect": 0.6197540760040283,
    "larger_animal": 0.659507155418396,
    "num_to_verbal": 0.7045544564723969,
    "orthography_starts_with": 0.6375547885894776,
    "rhymes": 0.6024861454963684,
    "synonyms": 0.6107401847839355,
    "taxonomy_animal": 0.537411892414093,
    "translation_en-fr": 0.635573399066925,
    "reverse_from_middle": 0.5164596974849701,
    "smallest_item_length": 0.6091739296913147,
    "smallest_even_no_sqrt": 0.6101524949073791,
    "most_vowel_return_consonant": 0.6504850625991822,
    "detect_rhyme_and_rewrite": 0.7681192398071289,
    "rank_by_protein": 0.7186659932136535,
    "multi_lang_to_english": 0.7174130439758301,
    "square_of_zodiac_animal": 0.7066013813018799,
    "alternate_synonym_antonym": 0.7018291711807251,
    "most_consonant_return_vowel": 0.6227360010147095,
    "least_unique_word_count": 0.6227510333061218,
    "first_word_alphabetically_return_reverse": 0.6724098324775696
  },
  "average_bert_score": 0.6462189489603042
}