{
  "model1_name": "Qwen_QwQ-32B",
  "model2_name": "openai_gpt-oss-20b",
  "task_scores": {
    "cause_and_effect": 0.64545818567276,
    "larger_animal": 0.6466345250606537,
    "num_to_verbal": 0.6521860420703888,
    "orthography_starts_with": 0.7256263494491577,
    "rhymes": 0.6068360567092895,
    "synonyms": 0.6318410754203796,
    "taxonomy_animal": 0.5646454334259033,
    "translation_en-fr": 0.6416167199611664,
    "reverse_from_middle": 0.5511383295059205,
    "smallest_item_length": 0.6045310378074646,
    "smallest_even_no_sqrt": 0.6410832881927491,
    "most_vowel_return_consonant": 0.7140972495079041,
    "detect_rhyme_and_rewrite": 0.7162519454956054,
    "rank_by_protein": 0.6807026088237762,
    "multi_lang_to_english": 0.6716125130653381,
    "square_of_zodiac_animal": 0.7280367732048034,
    "alternate_synonym_antonym": 0.6798041522502899,
    "most_consonant_return_vowel": 0.5926487386226654,
    "least_unique_word_count": 0.5904783964157104,
    "first_word_alphabetically_return_reverse": 0.6934420824050903
  },
  "average_bert_score": 0.6489335751533508
}