{
  "model1_name": "nvidia_Nemotron-Research-Reasoning-Qwen-1.5B",
  "model2_name": "Qwen_QwQ-32B",
  "task_scores": {
    "cause_and_effect": 0.5880411982536315,
    "larger_animal": 0.6310826301574707,
    "num_to_verbal": 0.6435840249061584,
    "orthography_starts_with": 0.6292055249214172,
    "rhymes": 0.5939366698265076,
    "synonyms": 0.6070398449897766,
    "taxonomy_animal": 0.6071980476379395,
    "translation_en-fr": 0.5907546997070312,
    "reverse_from_middle": 0.5431041955947876,
    "smallest_item_length": 0.624915087223053,
    "smallest_even_no_sqrt": 0.6279247403144836,
    "most_vowel_return_consonant": 0.5999573349952698,
    "detect_rhyme_and_rewrite": 0.6622505605220794,
    "rank_by_protein": 0.70303316116333,
    "multi_lang_to_english": 0.6278941035270691,
    "square_of_zodiac_animal": 0.6583820819854737,
    "alternate_synonym_antonym": 0.5229231953620911,
    "most_consonant_return_vowel": 0.6027291893959046,
    "least_unique_word_count": 0.6755709767341613,
    "first_word_alphabetically_return_reverse": 0.6767819881439209
  },
  "average_bert_score": 0.6208154627680779
}