{
  "model1_name": "nvidia_Nemotron-Research-Reasoning-Qwen-1.5B",
  "model2_name": "openai_gpt-oss-20b",
  "task_scores": {
    "cause_and_effect": 0.5933834671974182,
    "larger_animal": 0.5982533514499664,
    "num_to_verbal": 0.6168060660362243,
    "orthography_starts_with": 0.6515227496623993,
    "rhymes": 0.5881047129631043,
    "synonyms": 0.5635811686515808,
    "taxonomy_animal": 0.5890260934829712,
    "translation_en-fr": 0.6140564680099487,
    "reverse_from_middle": 0.527995127439499,
    "smallest_item_length": 0.5809588313102723,
    "smallest_even_no_sqrt": 0.632602596282959,
    "most_vowel_return_consonant": 0.5989766359329224,
    "detect_rhyme_and_rewrite": 0.6573817133903503,
    "rank_by_protein": 0.6325864851474762,
    "multi_lang_to_english": 0.589233148097992,
    "square_of_zodiac_animal": 0.6829869627952576,
    "alternate_synonym_antonym": 0.5080805540084838,
    "most_consonant_return_vowel": 0.5638145565986633,
    "least_unique_word_count": 0.6037242174148559,
    "first_word_alphabetically_return_reverse": 0.6309338688850403
  },
  "average_bert_score": 0.6012004387378692
}