{
  "model1_name": "BytedTsinghua-SIA_DAPO-Qwen-32B",
  "model2_name": "nvidia_Nemotron-Research-Reasoning-Qwen-1.5B",
  "task_scores": {
    "cause_and_effect": 0.5767571806907654,
    "larger_animal": 0.5983804941177369,
    "num_to_verbal": 0.558423888683319,
    "orthography_starts_with": 0.6320724427700043,
    "rhymes": 0.6129979610443115,
    "synonyms": 0.619088077545166,
    "taxonomy_animal": 0.5892356336116791,
    "translation_en-fr": 0.574579906463623,
    "reverse_from_middle": 0.5213442087173462,
    "smallest_item_length": 0.6183937311172485,
    "smallest_even_no_sqrt": 0.5924335241317749,
    "most_vowel_return_consonant": 0.6095042824745178,
    "detect_rhyme_and_rewrite": 0.6476892590522766,
    "rank_by_protein": 0.6430947661399842,
    "multi_lang_to_english": 0.6442651152610779,
    "square_of_zodiac_animal": 0.642330265045166,
    "alternate_synonym_antonym": 0.4905483305454254,
    "most_consonant_return_vowel": 0.6386865615844727,
    "least_unique_word_count": 0.62828289270401,
    "first_word_alphabetically_return_reverse": 0.6375198125839233
  },
  "average_bert_score": 0.6037814167141915
}