{
  "model1_name": "nvidia_Nemotron-Research-Reasoning-Qwen-1.5B",
  "model2_name": "open-thoughts_OpenThinker-7B",
  "task_scores": {
    "cause_and_effect": 0.5708073735237121,
    "larger_animal": 0.6505832314491272,
    "num_to_verbal": 0.6463311076164245,
    "orthography_starts_with": 0.6206025004386901,
    "rhymes": 0.6092259645462036,
    "synonyms": 0.5999791145324707,
    "taxonomy_animal": 0.5852352857589722,
    "translation_en-fr": 0.6333589494228363,
    "reverse_from_middle": 0.5378468453884124,
    "smallest_item_length": 0.6871267795562744,
    "smallest_even_no_sqrt": 0.6208479046821594,
    "most_vowel_return_consonant": 0.6227453470230102,
    "detect_rhyme_and_rewrite": 0.6683479189872742,
    "rank_by_protein": 0.6958709120750427,
    "multi_lang_to_english": 0.6161369442939758,
    "square_of_zodiac_animal": 0.6383403062820434,
    "alternate_synonym_antonym": 0.5341697096824646,
    "most_consonant_return_vowel": 0.689442491531372,
    "least_unique_word_count": 0.6466693758964539,
    "first_word_alphabetically_return_reverse": 0.6397570729255676
  },
  "average_bert_score": 0.6256712567806244
}