{
  "model1_name": "BytedTsinghua-SIA_DAPO-Qwen-32B",
  "model2_name": "Qwen_QwQ-32B",
  "task_scores": {
    "cause_and_effect": 0.6235863208770752,
    "larger_animal": 0.6284775972366333,
    "num_to_verbal": 0.6496335387229919,
    "orthography_starts_with": 0.681405246257782,
    "rhymes": 0.5849462449550629,
    "synonyms": 0.6573479771614075,
    "taxonomy_animal": 0.5693235874176026,
    "translation_en-fr": 0.6179410994052887,
    "reverse_from_middle": 0.5560289204120636,
    "smallest_item_length": 0.6563243985176086,
    "smallest_even_no_sqrt": 0.6398529529571533,
    "most_vowel_return_consonant": 0.6780776262283326,
    "detect_rhyme_and_rewrite": 0.75078284740448,
    "rank_by_protein": 0.7183380365371704,
    "multi_lang_to_english": 0.5989537954330444,
    "square_of_zodiac_animal": 0.7508105278015137,
    "alternate_synonym_antonym": 0.736262834072113,
    "most_consonant_return_vowel": 0.5994127035140991,
    "least_unique_word_count": 0.6493609189987183,
    "first_word_alphabetically_return_reverse": 0.6749413013458252
  },
  "average_bert_score": 0.6510904237627984
}