{
  "model1_name": "BytedTsinghua-SIA_DAPO-Qwen-32B",
  "model2_name": "nvidia_Nemotron-Research-Reasoning-Qwen-1.5B",
  "task_scores": {
    "cause_and_effect": 0.6149196028709412,
    "larger_animal": 0.675175404548645,
    "num_to_verbal": 0.6826442599296569,
    "orthography_starts_with": 0.658689284324646,
    "rhymes": 0.7000361680984497,
    "synonyms": 0.627016806602478,
    "taxonomy_animal": 0.5814298868179322,
    "translation_en-fr": 0.6370114326477051,
    "reverse_from_middle": 0.6461843848228455,
    "smallest_item_length": 0.6482718050479889,
    "smallest_even_no_sqrt": 0.6811019062995911,
    "most_vowel_return_consonant": 0.651121199131012,
    "detect_rhyme_and_rewrite": 0.7198145747184753,
    "rank_by_protein": 0.7670960068702698,
    "multi_lang_to_english": 0.6147055566310883,
    "square_of_zodiac_animal": 0.7200308918952942,
    "alternate_synonym_antonym": 0.5880652606487274,
    "most_consonant_return_vowel": 0.6766101956367493,
    "least_unique_word_count": 0.6753391861915589,
    "first_word_alphabetically_return_reverse": 0.6711710095405579
  },
  "average_bert_score": 0.6618217411637307
}