{
  "model1_name": "nvidia_Nemotron-Research-Reasoning-Qwen-1.5B",
  "model2_name": "openai_gpt-oss-20b",
  "task_scores": {
    "cause_and_effect": 0.6548715114593506,
    "larger_animal": 0.5841718792915345,
    "num_to_verbal": 0.66646329164505,
    "orthography_starts_with": 0.6972334384918213,
    "rhymes": 0.6969424486160278,
    "synonyms": 0.6129657983779907,
    "taxonomy_animal": 0.5508525609970093,
    "translation_en-fr": 0.6592060446739196,
    "reverse_from_middle": 0.6036539912223816,
    "smallest_item_length": 0.5863317847251892,
    "smallest_even_no_sqrt": 0.6235648036003113,
    "most_vowel_return_consonant": 0.5810644268989563,
    "detect_rhyme_and_rewrite": 0.7327214479446411,
    "rank_by_protein": 0.6825000524520874,
    "multi_lang_to_english": 0.6207580089569091,
    "square_of_zodiac_animal": 0.6305196285247803,
    "alternate_synonym_antonym": 0.6010807752609253,
    "most_consonant_return_vowel": 0.6082463502883911,
    "least_unique_word_count": 0.6013648033142089,
    "first_word_alphabetically_return_reverse": 0.6459694743156433
  },
  "average_bert_score": 0.6320241260528564
}