{
  "model1_name": "nvidia_Nemotron-Research-Reasoning-Qwen-1.5B",
  "model2_name": "Qwen_QwQ-32B",
  "task_scores": {
    "cause_and_effect": 0.6990867972373962,
    "larger_animal": 0.6635303795337677,
    "num_to_verbal": 0.6794115662574768,
    "orthography_starts_with": 0.6358622670173645,
    "rhymes": 0.7261838912963867,
    "synonyms": 0.623884665966034,
    "taxonomy_animal": 0.6052007079124451,
    "translation_en-fr": 0.6872686743736267,
    "reverse_from_middle": 0.6501443266868592,
    "smallest_item_length": 0.6331331729888916,
    "smallest_even_no_sqrt": 0.7401467442512513,
    "most_vowel_return_consonant": 0.6656530857086181,
    "detect_rhyme_and_rewrite": 0.7749252915382385,
    "rank_by_protein": 0.7923499464988708,
    "multi_lang_to_english": 0.6592619597911835,
    "square_of_zodiac_animal": 0.745325791835785,
    "alternate_synonym_antonym": 0.6525660276412963,
    "most_consonant_return_vowel": 0.7009047508239746,
    "least_unique_word_count": 0.6974589824676514,
    "first_word_alphabetically_return_reverse": 0.6642753839492798
  },
  "average_bert_score": 0.6848287206888198
}