{
  "model1_name": "nvidia_Nemotron-Research-Reasoning-Qwen-1.5B",
  "model2_name": "open-thoughts_OpenThinker-7B",
  "task_scores": {
    "cause_and_effect": 0.7189323425292968,
    "larger_animal": 0.6760675311088562,
    "num_to_verbal": 0.6616341233253479,
    "orthography_starts_with": 0.6552858114242553,
    "rhymes": 0.6923414587974548,
    "synonyms": 0.6221869468688965,
    "taxonomy_animal": 0.5894536018371582,
    "translation_en-fr": 0.6678308367729187,
    "reverse_from_middle": 0.6523154854774476,
    "smallest_item_length": 0.6246184825897216,
    "smallest_even_no_sqrt": 0.6865198850631714,
    "most_vowel_return_consonant": 0.6695680379867553,
    "detect_rhyme_and_rewrite": 0.7666349291801453,
    "rank_by_protein": 0.7523561358451843,
    "multi_lang_to_english": 0.6526117444038391,
    "square_of_zodiac_animal": 0.697473692893982,
    "alternate_synonym_antonym": 0.6915618538856506,
    "most_consonant_return_vowel": 0.6915224075317383,
    "least_unique_word_count": 0.686196792125702,
    "first_word_alphabetically_return_reverse": 0.6430775880813598
  },
  "average_bert_score": 0.6749094843864442
}