{
  "model1_name": "Qwen_QwQ-32B",
  "model2_name": "openai_gpt-oss-20b",
  "task_scores": {
    "cause_and_effect": 0.6639601707458496,
    "larger_animal": 0.6363597393035889,
    "num_to_verbal": 0.764735198020935,
    "orthography_starts_with": 0.7409323215484619,
    "rhymes": 0.7363351345062256,
    "synonyms": 0.6332428932189942,
    "taxonomy_animal": 0.65090012550354,
    "translation_en-fr": 0.7055861592292786,
    "reverse_from_middle": 0.6362983822822571,
    "smallest_item_length": 0.65320383310318,
    "smallest_even_no_sqrt": 0.6153278470039367,
    "most_vowel_return_consonant": 0.6202439665794373,
    "detect_rhyme_and_rewrite": 0.7811519861221313,
    "rank_by_protein": 0.6920287013053894,
    "multi_lang_to_english": 0.7064031481742858,
    "square_of_zodiac_animal": 0.6797300934791565,
    "alternate_synonym_antonym": 0.6994992971420289,
    "most_consonant_return_vowel": 0.66434086561203,
    "least_unique_word_count": 0.6510114789009094,
    "first_word_alphabetically_return_reverse": 0.6909013032913208
  },
  "average_bert_score": 0.6811096322536468
}