{
  "model1_name": "BytedTsinghua-SIA_DAPO-Qwen-32B",
  "model2_name": "Qwen_QwQ-32B",
  "task_scores": {
    "cause_and_effect": 0.6659694790840149,
    "larger_animal": 0.6922710299491882,
    "num_to_verbal": 0.8317852020263672,
    "orthography_starts_with": 0.7332969784736634,
    "rhymes": 0.695514440536499,
    "synonyms": 0.6333908557891845,
    "taxonomy_animal": 0.7935267567634583,
    "translation_en-fr": 0.6700192213058471,
    "reverse_from_middle": 0.7625714778900147,
    "smallest_item_length": 0.7593616962432861,
    "smallest_even_no_sqrt": 0.6895763039588928,
    "most_vowel_return_consonant": 0.7754152655601502,
    "detect_rhyme_and_rewrite": 0.7800962209701539,
    "rank_by_protein": 0.8103231549263,
    "multi_lang_to_english": 0.6406293511390686,
    "square_of_zodiac_animal": 0.7467085957527161,
    "alternate_synonym_antonym": 0.6957526206970215,
    "most_consonant_return_vowel": 0.771527361869812,
    "least_unique_word_count": 0.7136104941368103,
    "first_word_alphabetically_return_reverse": 0.6709441900253296
  },
  "average_bert_score": 0.7266145348548889
}