{
  "model1_name": "BytedTsinghua-SIA_DAPO-Qwen-32B",
  "model2_name": "openai_gpt-oss-20b",
  "task_scores": {
    "cause_and_effect": 0.6684017181396484,
    "larger_animal": 0.5966425180435181,
    "num_to_verbal": 0.7666166186332702,
    "orthography_starts_with": 0.7346019506454468,
    "rhymes": 0.6860083222389222,
    "synonyms": 0.6271060466766357,
    "taxonomy_animal": 0.6442381620407105,
    "translation_en-fr": 0.7106119275093079,
    "reverse_from_middle": 0.6516270399093628,
    "smallest_item_length": 0.6454589486122131,
    "smallest_even_no_sqrt": 0.5930164098739624,
    "most_vowel_return_consonant": 0.5906006813049316,
    "detect_rhyme_and_rewrite": 0.743218719959259,
    "rank_by_protein": 0.6870810627937317,
    "multi_lang_to_english": 0.7103273630142212,
    "square_of_zodiac_animal": 0.6944243431091308,
    "alternate_synonym_antonym": 0.669438636302948,
    "most_consonant_return_vowel": 0.6734060883522034,
    "least_unique_word_count": 0.6313186407089233,
    "first_word_alphabetically_return_reverse": 0.6784944534301758
  },
  "average_bert_score": 0.6701319825649261
}