{
  "model1_name": "BytedTsinghua-SIA_DAPO-Qwen-32B",
  "model2_name": "open-thoughts_OpenThinker-7B",
  "task_scores": {
    "cause_and_effect": 0.6679283857345581,
    "larger_animal": 0.7204202055931092,
    "num_to_verbal": 0.8207365036010742,
    "orthography_starts_with": 0.734747338294983,
    "rhymes": 0.6845479846000672,
    "synonyms": 0.6396540522575378,
    "taxonomy_animal": 0.7257103443145752,
    "translation_en-fr": 0.6173121690750122,
    "reverse_from_middle": 0.693713390827179,
    "smallest_item_length": 0.7315639138221741,
    "smallest_even_no_sqrt": 0.6633461713790894,
    "most_vowel_return_consonant": 0.6855612993240356,
    "detect_rhyme_and_rewrite": 0.7566148042678833,
    "rank_by_protein": 0.720086669921875,
    "multi_lang_to_english": 0.6471727132797241,
    "square_of_zodiac_animal": 0.699230682849884,
    "alternate_synonym_antonym": 0.660945188999176,
    "most_consonant_return_vowel": 0.7094303131103515,
    "least_unique_word_count": 0.6845070362091065,
    "first_word_alphabetically_return_reverse": 0.6785959124565124
  },
  "average_bert_score": 0.6970912539958953
}