{
  "model1_name": "Qwen_QwQ-32B",
  "model2_name": "open-thoughts_OpenThinker-7B",
  "task_scores": {
    "cause_and_effect": 0.7699107170104981,
    "larger_animal": 0.7419483184814453,
    "num_to_verbal": 0.8245664954185485,
    "orthography_starts_with": 0.7764873147010803,
    "rhymes": 0.7908648371696472,
    "synonyms": 0.7844902276992798,
    "taxonomy_animal": 0.7403494715690613,
    "translation_en-fr": 0.6936601638793946,
    "reverse_from_middle": 0.797378134727478,
    "smallest_item_length": 0.8003700733184814,
    "smallest_even_no_sqrt": 0.7645869851112366,
    "most_vowel_return_consonant": 0.7369853496551514,
    "detect_rhyme_and_rewrite": 0.8504835605621338,
    "rank_by_protein": 0.7788564562797546,
    "multi_lang_to_english": 0.7142117142677307,
    "square_of_zodiac_animal": 0.8073232769966125,
    "alternate_synonym_antonym": 0.798557436466217,
    "most_consonant_return_vowel": 0.820244824886322,
    "least_unique_word_count": 0.806204879283905,
    "first_word_alphabetically_return_reverse": 0.7730757117271423
  },
  "average_bert_score": 0.778527797460556
}