{
  "model1_name": "BytedTsinghua-SIA_DAPO-Qwen-32B",
  "model2_name": "openai_gpt-oss-20b",
  "task_scores": {
    "cause_and_effect": 0.6919029235839844,
    "larger_animal": 0.5752166986465455,
    "num_to_verbal": 0.6782495439052582,
    "orthography_starts_with": 0.6189204812049866,
    "rhymes": 0.5788572072982788,
    "synonyms": 0.5918507993221283,
    "taxonomy_animal": 0.611880075931549,
    "translation_en-fr": 0.5922792553901672,
    "reverse_from_middle": 0.6338523626327515,
    "smallest_item_length": 0.6358858585357666,
    "smallest_even_no_sqrt": 0.6410932660102844,
    "most_vowel_return_consonant": 0.6449712038040161,
    "detect_rhyme_and_rewrite": 0.643439781665802,
    "rank_by_protein": 0.5975932240486145,
    "multi_lang_to_english": 0.6200633883476258,
    "square_of_zodiac_animal": 0.6679829239845276,
    "alternate_synonym_antonym": 0.6608973324298859,
    "most_consonant_return_vowel": 0.6555970072746277,
    "least_unique_word_count": 0.6586451172828675,
    "first_word_alphabetically_return_reverse": 0.595566189289093
  },
  "average_bert_score": 0.6297372320294381
}