{
  "model1_name": "Qwen_QwQ-32B",
  "model2_name": "openai_gpt-oss-20b",
  "task_scores": {
    "cause_and_effect": 0.7179140210151672,
    "larger_animal": 0.5886424541473388,
    "num_to_verbal": 0.7073470234870911,
    "orthography_starts_with": 0.6464975953102112,
    "rhymes": 0.5998404502868653,
    "synonyms": 0.5885245203971863,
    "taxonomy_animal": 0.5887598156929016,
    "translation_en-fr": 0.6042866468429565,
    "reverse_from_middle": 0.6250380635261535,
    "smallest_item_length": 0.6255187273025513,
    "smallest_even_no_sqrt": 0.6240359544754028,
    "most_vowel_return_consonant": 0.6322914838790894,
    "detect_rhyme_and_rewrite": 0.6363884210586548,
    "rank_by_protein": 0.6452807664871216,
    "multi_lang_to_english": 0.6910793602466583,
    "square_of_zodiac_animal": 0.6818882107734681,
    "alternate_synonym_antonym": 0.6521477460861206,
    "most_consonant_return_vowel": 0.6804574608802796,
    "least_unique_word_count": 0.6886176705360413,
    "first_word_alphabetically_return_reverse": 0.6376340568065644
  },
  "average_bert_score": 0.6431095224618912
}