{
  "model1_name": "Qwen_QwQ-32B",
  "model2_name": "open-thoughts_OpenThinker-7B",
  "task_scores": {
    "cause_and_effect": 0.6635923504829406,
    "larger_animal": 0.5710223555564881,
    "num_to_verbal": 0.7666934132575989,
    "orthography_starts_with": 0.6599635064601899,
    "rhymes": 0.6063680648803711,
    "synonyms": 0.5328034698963166,
    "taxonomy_animal": 0.656442403793335,
    "translation_en-fr": 0.6226687073707581,
    "reverse_from_middle": 0.5645766854286194,
    "smallest_item_length": 0.6112586855888367,
    "smallest_even_no_sqrt": 0.6353297591209411,
    "most_vowel_return_consonant": 0.6100256085395813,
    "detect_rhyme_and_rewrite": 0.6756018400192261,
    "rank_by_protein": 0.699418592453003,
    "multi_lang_to_english": 0.7746548593044281,
    "square_of_zodiac_animal": 0.6747647047042846,
    "alternate_synonym_antonym": 0.6393473982810974,
    "most_consonant_return_vowel": 0.6628767013549804,
    "least_unique_word_count": 0.669843852519989,
    "first_word_alphabetically_return_reverse": 0.6533765316009521
  },
  "average_bert_score": 0.6475314745306969
}