{
  "model1_name": "BytedTsinghua-SIA_DAPO-Qwen-32B",
  "model2_name": "nvidia_Nemotron-Research-Reasoning-Qwen-1.5B",
  "task_scores": {
    "cause_and_effect": 0.609024977684021,
    "larger_animal": 0.6394794225692749,
    "num_to_verbal": 0.7164223194122314,
    "orthography_starts_with": 0.6462292015552521,
    "rhymes": 0.5939313888549804,
    "synonyms": 0.5219455599784851,
    "taxonomy_animal": 0.5734869360923767,
    "translation_en-fr": 0.5857529282569885,
    "reverse_from_middle": 0.5962021350860596,
    "smallest_item_length": 0.6909480214118957,
    "smallest_even_no_sqrt": 0.6059610962867736,
    "most_vowel_return_consonant": 0.6104396462440491,
    "detect_rhyme_and_rewrite": 0.557817804813385,
    "rank_by_protein": 0.6893954038619995,
    "multi_lang_to_english": 0.7033525466918945,
    "square_of_zodiac_animal": 0.6185595989227295,
    "alternate_synonym_antonym": 0.5892142415046692,
    "most_consonant_return_vowel": 0.6812343835830689,
    "least_unique_word_count": 0.6629598319530488,
    "first_word_alphabetically_return_reverse": 0.603001070022583
  },
  "average_bert_score": 0.6247679257392884
}