{
  "model1_name": "nvidia_Nemotron-Research-Reasoning-Qwen-1.5B",
  "model2_name": "Qwen_QwQ-32B",
  "task_scores": {
    "cause_and_effect": 0.6220796585083008,
    "larger_animal": 0.5673516869544983,
    "num_to_verbal": 0.7230907917022705,
    "orthography_starts_with": 0.6324095487594604,
    "rhymes": 0.5986013889312745,
    "synonyms": 0.5636024057865143,
    "taxonomy_animal": 0.571108740568161,
    "translation_en-fr": 0.5834122657775879,
    "reverse_from_middle": 0.5595716297626495,
    "smallest_item_length": 0.673591136932373,
    "smallest_even_no_sqrt": 0.6740585088729858,
    "most_vowel_return_consonant": 0.6405506014823914,
    "detect_rhyme_and_rewrite": 0.5456588327884674,
    "rank_by_protein": 0.6567373156547547,
    "multi_lang_to_english": 0.6734144151210785,
    "square_of_zodiac_animal": 0.6031298279762268,
    "alternate_synonym_antonym": 0.6104611754417419,
    "most_consonant_return_vowel": 0.7067543566226959,
    "least_unique_word_count": 0.6727954983711243,
    "first_word_alphabetically_return_reverse": 0.5965941905975342
  },
  "average_bert_score": 0.6237486988306046
}