{
  "model1_name": "nvidia_Nemotron-Research-Reasoning-Qwen-1.5B",
  "model2_name": "open-thoughts_OpenThinker-7B",
  "task_scores": {
    "cause_and_effect": 0.6503292798995972,
    "larger_animal": 0.5330407321453094,
    "num_to_verbal": 0.7396177530288697,
    "orthography_starts_with": 0.6350197792053223,
    "rhymes": 0.5843200445175171,
    "synonyms": 0.5294834256172181,
    "taxonomy_animal": 0.591308081150055,
    "translation_en-fr": 0.5976307928562165,
    "reverse_from_middle": 0.6065731287002564,
    "smallest_item_length": 0.6089208245277404,
    "smallest_even_no_sqrt": 0.6127241969108581,
    "most_vowel_return_consonant": 0.6185333847999572,
    "detect_rhyme_and_rewrite": 0.5338320910930634,
    "rank_by_protein": 0.6756254673004151,
    "multi_lang_to_english": 0.7527961194515228,
    "square_of_zodiac_animal": 0.6249389290809632,
    "alternate_synonym_antonym": 0.5536698937416077,
    "most_consonant_return_vowel": 0.6425541639328003,
    "least_unique_word_count": 0.6942439317703247,
    "first_word_alphabetically_return_reverse": 0.5928655564785004
  },
  "average_bert_score": 0.6189013788104057
}