{
  "model1_name": "BytedTsinghua-SIA_DAPO-Qwen-32B",
  "model2_name": "open-thoughts_OpenThinker-7B",
  "task_scores": {
    "cause_and_effect": 0.684145987033844,
    "larger_animal": 0.5665077090263366,
    "num_to_verbal": 0.7681154727935791,
    "orthography_starts_with": 0.6729839324951172,
    "rhymes": 0.5864816069602966,
    "synonyms": 0.5384863495826722,
    "taxonomy_animal": 0.5948549151420593,
    "translation_en-fr": 0.6057150840759278,
    "reverse_from_middle": 0.5862372159957886,
    "smallest_item_length": 0.5832763910293579,
    "smallest_even_no_sqrt": 0.6163778185844422,
    "most_vowel_return_consonant": 0.6115715265274048,
    "detect_rhyme_and_rewrite": 0.6575234174728394,
    "rank_by_protein": 0.669614028930664,
    "multi_lang_to_english": 0.6709344387054443,
    "square_of_zodiac_animal": 0.6746132969856262,
    "alternate_synonym_antonym": 0.6510713577270508,
    "most_consonant_return_vowel": 0.6147920966148377,
    "least_unique_word_count": 0.6496896028518677,
    "first_word_alphabetically_return_reverse": 0.6292610049247742
  },
  "average_bert_score": 0.6316126626729966
}