{
  "model1_name": "openai_gpt-oss-20b",
  "model2_name": "open-thoughts_OpenThinker-7B",
  "task_scores": {
    "cause_and_effect": 0.750313138961792,
    "larger_animal": 0.6835640668869019,
    "num_to_verbal": 0.7220146298408509,
    "orthography_starts_with": 0.7164043128490448,
    "rhymes": 0.6647331357002259,
    "synonyms": 0.594016182422638,
    "taxonomy_animal": 0.6214251160621643,
    "translation_en-fr": 0.6423339486122132,
    "reverse_from_middle": 0.6270648241043091,
    "smallest_item_length": 0.6761823296546936,
    "smallest_even_no_sqrt": 0.6750759840011596,
    "most_vowel_return_consonant": 0.6683706402778625,
    "detect_rhyme_and_rewrite": 0.7540244102478028,
    "rank_by_protein": 0.6579866647720337,
    "multi_lang_to_english": 0.6902428388595581,
    "square_of_zodiac_animal": 0.729905366897583,
    "alternate_synonym_antonym": 0.7287372052669525,
    "most_consonant_return_vowel": 0.6972645044326782,
    "least_unique_word_count": 0.7265768647193909,
    "first_word_alphabetically_return_reverse": 0.6398751735687256
  },
  "average_bert_score": 0.683305566906929
}