{
  "model1_name": "BytedTsinghua-SIA_DAPO-Qwen-32B",
  "model2_name": "Qwen_QwQ-32B",
  "task_scores": {
    "cause_and_effect": 0.6700622200965881,
    "larger_animal": 0.6230706095695495,
    "num_to_verbal": 0.7577805161476135,
    "orthography_starts_with": 0.629801344871521,
    "rhymes": 0.6536361694335937,
    "synonyms": 0.5907285332679748,
    "taxonomy_animal": 0.5864680528640747,
    "translation_en-fr": 0.611277413368225,
    "reverse_from_middle": 0.6616457939147949,
    "smallest_item_length": 0.6292401313781738,
    "smallest_even_no_sqrt": 0.6508118152618408,
    "most_vowel_return_consonant": 0.6327158093452454,
    "detect_rhyme_and_rewrite": 0.6652852058410644,
    "rank_by_protein": 0.677003276348114,
    "multi_lang_to_english": 0.6690869033336639,
    "square_of_zodiac_animal": 0.6494586229324341,
    "alternate_synonym_antonym": 0.6935125589370728,
    "most_consonant_return_vowel": 0.6445765376091004,
    "least_unique_word_count": 0.659000563621521,
    "first_word_alphabetically_return_reverse": 0.6560844421386719
  },
  "average_bert_score": 0.650562326014042
}