{
  "model1_name": "nvidia_Nemotron-Research-Reasoning-Qwen-1.5B",
  "model2_name": "openai_gpt-oss-20b",
  "task_scores": {
    "cause_and_effect": 0.6028282761573791,
    "larger_animal": 0.5515670239925384,
    "num_to_verbal": 0.6733251810073853,
    "orthography_starts_with": 0.5776123702526093,
    "rhymes": 0.544923746585846,
    "synonyms": 0.5033677697181702,
    "taxonomy_animal": 0.5542208313941955,
    "translation_en-fr": 0.6274854481220246,
    "reverse_from_middle": 0.5719851434230805,
    "smallest_item_length": 0.633457338809967,
    "smallest_even_no_sqrt": 0.5575635075569153,
    "most_vowel_return_consonant": 0.6113498568534851,
    "detect_rhyme_and_rewrite": 0.5218417823314667,
    "rank_by_protein": 0.5786782383918763,
    "multi_lang_to_english": 0.6774519920349121,
    "square_of_zodiac_animal": 0.6189769506454468,
    "alternate_synonym_antonym": 0.5779276490211487,
    "most_consonant_return_vowel": 0.6561475396156311,
    "least_unique_word_count": 0.690545129776001,
    "first_word_alphabetically_return_reverse": 0.5695718586444855
  },
  "average_bert_score": 0.5950413817167283
}